symbol,Short Name,Long Name,GICS Sector,GICS Sub-Industry,Headquarters Location
AA,Alcoa Corporation,Alcoa Corporation,Materials,Aluminum,"Pittsburgh, Pennsylvania"
AAL,"American Airlines Group, Inc.",American Airlines Group Inc.,Industrials,Passenger Airlines,"Fort Worth, Texas"
AAON,"AAON, Inc.","AAON, Inc.",Industrials,Building Products,"Tulsa, Oklahoma"
ACI,"Albertsons Companies, Inc.","Albertsons Companies, Inc.",Consumer Staples,Food Retail,"Boise, Idaho"
ACM,AECOM,AECOM,Industrials,Construction & Engineering,"Dallas, Texas"
ADC,Agree Realty Corporation,Agree Realty Corporation,Real Estate,Retail REITs,"Bloomfield Hills, Michigan"
AFG,"American Financial Group, Inc.","American Financial Group, Inc.",Financials,Multi-line Insurance,"Cincinnati, Ohio"
AGCO,AGCO Corporation,AGCO Corporation,Industrials,Agricultural & Farm Machinery,"Duluth, Georgia"
AIT,Applied Industrial Technologies,"Applied Industrial Technologies, Inc.",Industrials,Trading Companies & Distributors,"Cleveland, Ohio"
ALE,"Allete, Inc.","ALLETE, Inc.",Utilities,Electric Utilities,"Duluth, Minnesota"
ALGM,"Allegro MicroSystems, Inc.","Allegro MicroSystems, Inc.",Information Technology,Semiconductors,"Manchester, New Hampshire"
ALK,"Alaska Air Group, Inc.","Alaska Air Group, Inc.",Industrials,Passenger Airlines,"SeaTac, Washington"
ALLY,Ally Financial Inc.,Ally Financial Inc.,Financials,Consumer Finance,"Detroit, Michigan"
ALV,"Autoliv, Inc.","Autoliv, Inc.",Consumer Discretionary,Automotive Parts & Equipment,"Stockholm, Sweden"
AM,Antero Midstream Corporation,Antero Midstream Corporation,Energy,Oil & Gas Storage & Transportation,"Denver, Colorado"
AMG,"Affiliated Managers Group, Inc.","Affiliated Managers Group, Inc.",Financials,Asset Management & Custody Banks,"West Palm Beach, Florida"
AMH,American Homes 4 Rent,American Homes 4 Rent,Real Estate,Single-Family Residential REITs,"Las Vegas, Nevada"
AMKR,"Amkor Technology, Inc.","Amkor Technology, Inc.",Information Technology,Semiconductors,"Tempe, Arizona"
AN,"AutoNation, Inc.","AutoNation, Inc.",Consumer Discretionary,Automotive Retail,"Fort Lauderdale, Florida"
ANF,Abercrombie & Fitch Company,Abercrombie & Fitch Co.,Consumer Discretionary,Apparel Retail,"New Albany, Ohio"
APG,APi Group Corporation,APi Group Corporation,Industrials,Construction & Engineering,"New Brighton, Minnesota"
APPF,"AppFolio, Inc.","AppFolio, Inc.",Information Technology,Application Software,"Goleta, California"
AR,Antero Resources Corporation,Antero Resources Corporation,Energy,Oil & Gas Exploration & Production,"Denver, Colorado"
ARMK,Aramark,Aramark,Consumer Discretionary,Distributors,"Philadelphia, Pennsylvania"
ARW,"Arrow Electronics, Inc.","Arrow Electronics, Inc.",Information Technology,Technology Distributors,"Centennial, Colorado"
ASB,Associated Banc-Corp,Associated Banc-Corp,Financials,Regional Banks,"Green Bay, Wisconsin"
ASGN,ASGN Incorporated,ASGN Incorporated,Information Technology,IT Consulting & Other Services,"Glen Allen, Virginia"
ASH,Ashland Inc.,Ashland Inc.,Materials,Diversified Chemicals,"Wilmington, Delaware"
ATI,ATI Inc.,ATI Inc.,Industrials,Aerospace & Defense,"Dallas, Texas"
ATR,"AptarGroup, Inc.","AptarGroup, Inc.",Materials,"Metal, Glass & Plastic Containers","Crystal Lake, Illinois"
AVAV,"AeroVironment, Inc.","AeroVironment, Inc.",Industrials,Aerospace & Defense,"Arlington County, Virginia"
AVNT,Avient Corporation,Avient Corporation,Materials,Specialty Chemicals,"Avon Lake, Ohio"
AVT,"Avnet, Inc.","Avnet, Inc.",Information Technology,Technology Distributors,"Phoenix, Arizona"
AVTR,"Avantor, Inc.","Avantor, Inc.",Health Care,Life Sciences Tools & Services,"Radnor, Pennsylvania"
AXTA,Axalta Coating Systems Ltd.,Axalta Coating Systems Ltd.,Materials,Specialty Chemicals,"Philadelphia, Pennsylvania"
AYI,Acuity Inc.,Acuity Inc.,Industrials,Electrical Components & Equipment,"Atlanta, Georgia"
BBWI,"Bath & Body Works, Inc.","Bath & Body Works, Inc.",Consumer Discretionary,Other Specialty Retail,"Columbus, Ohio"
BC,Brunswick Corporation,Brunswick Corporation,Consumer Discretionary,Leisure Products,"Mettawa, Illinois"
BCO,Brinks Company (The),The Brink's Company,Industrials,Security & Alarm Services,"Richmond, Virginia"
BDC,Belden Inc,Belden Inc.,Information Technology,Electronic Components,"St. Louis, Missouri"
BHF,"Brighthouse Financial, Inc.","Brighthouse Financial, Inc.",Financials,Life & Health Insurance,"Charlotte, North Carolina"
BILL,"BILL Holdings, Inc.","BILL Holdings, Inc.",Information Technology,Application Software,"San Jose, California"
BIO,"Bio-Rad Laboratories, Inc.","Bio-Rad Laboratories, Inc.",Health Care,Life Sciences Tools & Services,"Hercules, California"
BJ,"BJ's Wholesale Club Holdings, I","BJ's Wholesale Club Holdings, Inc.",Consumer Staples,Consumer Staples Merchandise Retail,"Marlborough, Massachusetts"
BKH,Black Hills Corporation,Black Hills Corporation,Utilities,Multi-Utilities,"Rapid City, South Dakota"
BLD,TopBuild Corp.,TopBuild Corp.,Consumer Discretionary,Homebuilding,
BLKB,"Blackbaud, Inc.","Blackbaud, Inc.",Information Technology,Application Software,"Charleston, South Carolina"
BMRN,BioMarin Pharmaceutical Inc.,BioMarin Pharmaceutical Inc.,Health Care,Biotechnology,"San Rafael, California"
BRBR,"BellRing Brands, Inc.","BellRing Brands, Inc.",Consumer Staples,Packaged Foods & Meats,
BRKR,Bruker Corporation,Bruker Corporation,Health Care,Health Care Equipment,"Billerica, Massachusetts"
BRX,Brixmor Property Group Inc.,Brixmor Property Group Inc.,Real Estate,Retail REITs,"New York City, New York"
BSY,"Bentley Systems, Incorporated","Bentley Systems, Incorporated",Information Technology,Application Software,"Exton, Pennsylvania"
BURL,"Burlington Stores, Inc.","Burlington Stores, Inc.",Consumer Discretionary,Apparel Retail,"Burlington, New Jersey"
BWXT,"BWX Technologies, Inc.","BWX Technologies, Inc.",Industrials,Aerospace & Defense,"Lynchburg, Virginia"
BYD,Boyd Gaming Corporation,Boyd Gaming Corporation,Consumer Discretionary,Casinos & Gaming,"Las Vegas, Nevada"
CACI,"CACI International, Inc.",CACI International Inc,Industrials,Diversified Support Services,"Reston, Virginia"
CADE,Cadence Bank,Cadence Bank,Financials,Regional Banks,"Tupelo, Mississippi Houston, Texas"
CAR,"Avis Budget Group, Inc.","Avis Budget Group, Inc.",Industrials,Passenger Ground Transportation,"Parsippany, New Jersey"
CART,Maplebear Inc.,Maplebear Inc.,Consumer Staples,Food Retail,"San Francisco, California"
CASY,"Caseys General Stores, Inc.","Casey's General Stores, Inc.",Consumer Staples,Food Retail,"Ankeny, Iowa"
CAVA,"CAVA Group, Inc.","CAVA Group, Inc.",Consumer Discretionary,Restaurants,"Washington, D.C."
CBSH,"Commerce Bancshares, Inc.","Commerce Bancshares, Inc.",Financials,Regional Banks,"Kansas City, Missouri"
CBT,Cabot Corporation,Cabot Corporation,Materials,Diversified Chemicals,"Boston, Massachusetts"
CCK,"Crown Holdings, Inc.","Crown Holdings, Inc.",Materials,Paper & Plastic Packaging Products & Materials,"Yardley, Pennsylvania"
CDP,COPT Defense Properties,COPT Defense Properties,Real Estate,Office REITs,"Columbia, Maryland"
CELH,"Celsius Holdings, Inc.","Celsius Holdings, Inc.",Consumer Staples,Soft Drinks & Non-alcoholic Beverages,"Boca Raton, Florida"
CFR,"Cullen/Frost Bankers, Inc.","Cullen/Frost Bankers, Inc.",Financials,Regional Banks,"San Antonio, Texas"
CG,The Carlyle Group Inc.,The Carlyle Group Inc.,Financials,Asset Management & Custody Banks,"Washington, D.C."
CGNX,Cognex Corporation,Cognex Corporation,Information Technology,Electronic Equipment & Instruments,"Natick, Massachusetts"
CHDN,"Churchill Downs, Incorporated",Churchill Downs Incorporated,Consumer Discretionary,Casinos & Gaming,"Louisville, Kentucky"
CHE,Chemed Corp,Chemed Corporation,Health Care,Health Care Services,"Cincinnati, Ohio"
CHH,"Choice Hotels International, In","Choice Hotels International, Inc.",Consumer Discretionary,"Hotels, Resorts & Cruise Lines","Rockville, Maryland"
CHRD,Chord Energy Corporation,Chord Energy Corporation,Energy,Oil & Gas Exploration & Production,"Houston, Texas"
CHWY,"Chewy, Inc.","Chewy, Inc.",Consumer Discretionary,Other Specialty Retail,"Plantation, Florida"
CIEN,Ciena Corporation,Ciena Corporation,Information Technology,Communications Equipment,"Hanover, Maryland"
CIVI,"Civitas Resources, Inc.","Civitas Resources, Inc.",Energy,Oil & Gas Exploration & Production,"Denver, Colorado"
CLF,Cleveland-Cliffs Inc.,Cleveland-Cliffs Inc.,Materials,Steel,"Cleveland, Ohio"
CLH,"Clean Harbors, Inc.","Clean Harbors, Inc.",Industrials,Environmental & Facilities Services,"Norwell, Massachusetts"
CMA,Comerica Incorporated,Comerica Incorporated,Financials,Regional Banks,"Dallas, Texas"
CMC,Commercial Metals Company,Commercial Metals Company,Materials,Steel,"Irving, Texas"
CNH,CNH Industrial N.V.,CNH Industrial N.V.,Industrials,Agricultural & Farm Machinery,"Amsterdam, Netherlands"
CNM,"Core & Main, Inc.","Core & Main, Inc.",Industrials,Trading Companies & Distributors,"St. Louis, Missouri"
CNO,"CNO Financial Group, Inc.","CNO Financial Group, Inc.",Financials,Life & Health Insurance,"Carmel, Indiana"
CNX,CNX Resources Corporation,CNX Resources Corporation,Energy,Oil & Gas Exploration & Production,"Pittsburgh, Pennsylvania"
CNXC,Concentrix Corporation,Concentrix Corporation,Industrials,Data Processing & Outsourced Services,"Newark, California"
COHR,Coherent Corp.,Coherent Corp.,Information Technology,Electronic Components,"Saxonburg, Pennsylvania"
COKE,"Coca-Cola Consolidated, Inc.","Coca-Cola Consolidated, Inc.",Consumer Staples,Soft Drinks & Non-alcoholic Beverages,"Charlotte, North Carolina"
COLB,"Columbia Banking System, Inc.","Columbia Banking System, Inc.",Financials,Regional Banks,"Tacoma, Washington"
COLM,Columbia Sportswear Company,Columbia Sportswear Company,Consumer Discretionary,"Apparel, Accessories & Luxury Goods","Portland, Oregon"
COTY,Coty Inc.,Coty Inc.,Consumer Staples,Personal Care Products,"New York City, New York"
CPRI,Capri Holdings Limited,Capri Holdings Limited,Consumer Discretionary,"Apparel, Accessories & Luxury Goods","New York City, New York"
CR,Crane Company,Crane Company,Industrials,Industrial Machinery & Supplies & Components,"Stamford, Connecticut"
CROX,"Crocs, Inc.","Crocs, Inc.",Consumer Discretionary,Footwear,"Broomfield, Colorado"
CRS,Carpenter Technology Corporatio,Carpenter Technology Corporation,Materials,Steel,"Philadelphia, Pennsylvania"
CRUS,"Cirrus Logic, Inc.","Cirrus Logic, Inc.",Information Technology,Semiconductors,"Austin, Texas"
CSL,Carlisle Companies Incorporated,Carlisle Companies Incorporated,Industrials,Industrial Conglomerates,"Phoenix, Arizona"
CUBE,CubeSmart,CubeSmart,Real Estate,Industrial REITs,"Malvern, Pennsylvania"
CUZ,Cousins Properties Incorporated,Cousins Properties Incorporated,Real Estate,Office REITs,"Atlanta, Georgia"
CVLT,"Commvault Systems, Inc.","Commvault Systems, Inc.",Information Technology,Systems Software,"Tinton Falls, New Jersey"
CW,Curtiss-Wright Corporation,Curtiss-Wright Corporation,Industrials,Aerospace & Defense,"Davidson, North Carolina"
CXT,"Crane NXT, Co.","Crane NXT, Co.",Information Technology,Electronic Equipment & Instruments,"Stamford, Connecticut"
CYTK,"Cytokinetics, Incorporated","Cytokinetics, Incorporated",Health Care,Biotechnology,"South San Francisco, California"
DAR,Darling Ingredients Inc.,Darling Ingredients Inc.,Consumer Staples,Agricultural Products & Services,
DBX,"Dropbox, Inc.","Dropbox, Inc.",Information Technology,Application Software,"San Francisco, California"
DCI,"Donaldson Company, Inc.","Donaldson Company, Inc.",Industrials,Industrial Machinery & Supplies & Components,"Bloomington, Minnesota"
DINO,HF Sinclair Corporation,HF Sinclair Corporation,Energy,Oil & Gas Refining & Marketing,"Dallas, Texas"
DKS,Dick's Sporting Goods Inc,"DICK'S Sporting Goods, Inc.",Consumer Discretionary,Specialty Stores,"Coraopolis, Pennsylvania"
DLB,Dolby Laboratories,"Dolby Laboratories, Inc.",Information Technology,Application Software,"San Francisco, California"
DOCS,"Doximity, Inc.","Doximity, Inc.",Health Care,Health Care Technology,"San Francisco, California"
DOCU,"DocuSign, Inc.","DocuSign, Inc.",Information Technology,Application Software,"San Francisco, California"
DT,"Dynatrace, Inc.","Dynatrace, Inc.",Information Technology,Application Software,"Waltham, Massachusetts"
DTM,"DT Midstream, Inc.","DT Midstream, Inc.",Energy,Oil & Gas Storage & Transportation,"Detroit, Michigan"
DUOL,"Duolingo, Inc.","Duolingo, Inc.",Consumer Discretionary,Education Services,"Pittsburgh, Pennsylvania"
EEFT,"Euronet Worldwide, Inc.","Euronet Worldwide, Inc.",Financials,Transaction & Payment Processing Services,"Leawood, Kansas"
EGP,"EastGroup Properties, Inc.","EastGroup Properties, Inc.",Real Estate,Industrial REITs,
EHC,Encompass Health Corporation,Encompass Health Corporation,Health Care,Health Care Facilities,"Birmingham, Alabama"
ELAN,Elanco Animal Health Incorporat,Elanco Animal Health Incorporated,Health Care,Pharmaceuticals,"Greenfield, Indiana"
ELF,"e.l.f. Beauty, Inc.","e.l.f. Beauty, Inc.",Consumer Staples,Personal Care Products,"Oakland, California"
ELS,"Equity Lifestyle Properties, In","Equity LifeStyle Properties, Inc.",Real Estate,Single-Family Residential REITs,"Chicago, Illinois"
ENS,EnerSys,EnerSys,Industrials,Electrical Components & Equipment,"Reading, Pennsylvania"
ENSG,"The Ensign Group, Inc.","The Ensign Group, Inc.",Health Care,Health Care Facilities,"San Juan Capistrano, California"
ENTG,"Entegris, Inc.","Entegris, Inc.",Information Technology,Semiconductor Materials & Equipment,"Billerica, Massachusetts"
EPR,EPR Properties,EPR Properties,Real Estate,Other Specialized REITs,"Kansas City, Missouri"
EQH,"Equitable Holdings, Inc.","Equitable Holdings, Inc.",Financials,Diversified Financial Services,"New York City, New York"
ESAB,ESAB Corporation,ESAB Corporation,Industrials,Industrial Machinery & Supplies & Components,"North Bethesda, Maryland"
ESNT,Essent Group Ltd.,Essent Group Ltd.,Financials,Commercial & Residential Mortgage Finance,
EVR,Evercore Inc.,Evercore Inc.,Financials,Investment Banking & Brokerage,"New York City, New York"
EWBC,"East West Bancorp, Inc.","East West Bancorp, Inc.",Financials,Regional Banks,"Pasadena, California"
EXEL,"Exelixis, Inc.","Exelixis, Inc.",Health Care,Biotechnology,"Alameda, California"
EXLS,"ExlService Holdings, Inc.","ExlService Holdings, Inc.",Industrials,Data Processing & Outsourced Services,"New York City, New York"
EXP,Eagle Materials Inc,Eagle Materials Inc.,Materials,Construction Materials,"Dallas, Texas"
EXPO,"Exponent, Inc.","Exponent, Inc.",Industrials,Research & Consulting Services,"Menlo Park, California"
FAF,First American Corporation (New,First American Financial Corporation,Financials,Property & Casualty Insurance,"Santa Ana, California"
FBIN,"Fortune Brands Innovations, Inc","Fortune Brands Innovations, Inc.",Industrials,Building Products,"Deerfield, Illinois"
FCFS,"FirstCash Holdings, Inc.","FirstCash Holdings, Inc.",Financials,Consumer Finance,"Fort Worth, Texas"
FCN,"FTI Consulting, Inc.","FTI Consulting, Inc.",Industrials,Research & Consulting Services,"Washington, D.C."
FFIN,"First Financial Bankshares, Inc","First Financial Bankshares, Inc.",Financials,Regional Banks,"Cincinnati, Ohio"
FHI,"Federated Hermes, Inc.","Federated Hermes, Inc.",Financials,Asset Management & Custody Banks,"Pittsburgh, Pennsylvania"
FHN,First Horizon Corporation,First Horizon Corporation,Financials,Regional Banks,"Memphis, Tennessee"
FIVE,"Five Below, Inc.","Five Below, Inc.",Consumer Discretionary,Specialty Stores,"Philadelphia, Pennsylvania"
FIX,"Comfort Systems USA, Inc.","Comfort Systems USA, Inc.",Industrials,Construction & Engineering,"Houston, Texas"
FLEX,Flex Ltd.,Flex Ltd.,Information Technology,Electronic Manufacturing Services,"Austin, Texas"
FLG,"Flagstar Bank, N.A.","Flagstar Bank, National Association",Financials,Regional Banks,"Hicksville, New York"
FLO,"Flowers Foods, Inc.","Flowers Foods, Inc.",Consumer Staples,Packaged Foods & Meats,"Thomasville, Georgia"
FLR,Fluor Corporation,Fluor Corporation,Industrials,Construction & Engineering,"Irving, Texas"
FLS,Flowserve Corporation,Flowserve Corporation,Industrials,Industrial Machinery & Supplies & Components,"Irving, Texas"
FN,Fabrinet,Fabrinet,Information Technology,Electronic Manufacturing Services,"Santa Clara, California"
FNB,F.N.B. Corporation,F.N.B. Corporation,Financials,Regional Banks,"Pittsburgh, Pennsylvania"
FND,"Floor & Decor Holdings, Inc.","Floor & Decor Holdings, Inc.",Consumer Discretionary,Home Improvement Retail,"Smyrna, Georgia"
FNF,"Fidelity National Financial, In","Fidelity National Financial, Inc.",Financials,Property & Casualty Insurance,"Jacksonville, Florida"
FOUR,"Shift4 Payments, Inc.","Shift4 Payments, Inc.",Financials,Transaction & Payment Processing Services,"Center Valley, Pennsylvania"
FR,"First Industrial Realty Trust, ","First Industrial Realty Trust, Inc.",Real Estate,Industrial REITs,"Chicago, Illinois"
FTI,TechnipFMC plc,TechnipFMC plc,Energy,Oil & Gas Equipment & Services,"Houston, Texas"
FYBR,"Frontier Communications Parent,","Frontier Communications Parent, Inc.",Communication Services,Integrated Telecommunication Services,"Norwalk, Connecticut"
G,Genpact Limited,Genpact Limited,Industrials,Data Processing & Outsourced Services,"New York City, New York"
GAP,"Gap, Inc. (The)","The Gap, Inc.",Consumer Discretionary,Apparel Retail,"San Francisco, California"
GATX,GATX Corporation,GATX Corporation,Industrials,Construction Machinery & Heavy Transportation Equipment,"Chicago, Illinois"
GBCI,"Glacier Bancorp, Inc.","Glacier Bancorp, Inc.",Financials,Regional Banks,"Kalispell, Montana"
GEF,Greif Inc.,"Greif, Inc.",Materials,"Metal, Glass & Plastic Containers","Delaware, Ohio"
GGG,Graco Inc.,Graco Inc.,Industrials,Industrial Machinery & Supplies & Components,"Minneapolis, Minnesota"
GHC,Graham Holdings Company,Graham Holdings Company,Consumer Discretionary,Education Services,"Arlington County, Virginia"
GLPI,"Gaming and Leisure Properties, ","Gaming and Leisure Properties, Inc.",Real Estate,Other Specialized REITs,"Wyomissing, Pennsylvania"
GME,GameStop Corporation,GameStop Corp.,Consumer Discretionary,Computer & Electronics Retail,"Grapevine, Texas"
GMED,"Globus Medical, Inc.","Globus Medical, Inc.",Health Care,Health Care Equipment,"Audubon, Pennsylvania"
GNTX,Gentex Corporation,Gentex Corporation,Consumer Discretionary,Automotive Parts & Equipment,"Zeeland, Michigan"
GPK,Graphic Packaging Holding Compa,Graphic Packaging Holding Company,Materials,Paper & Plastic Packaging Products & Materials,"Atlanta, Georgia"
GT,The Goodyear Tire & Rubber Comp,The Goodyear Tire & Rubber Company,Consumer Discretionary,Tires & Rubber,"Akron, Ohio"
GTLS,"Chart Industries, Inc.","Chart Industries, Inc.",Industrials,Industrial Machinery & Supplies & Components,
GTM,ZoomInfo Technologies Inc.,ZoomInfo Technologies Inc.,Communication Services,Interactive Media & Services,"Vancouver, Washington"
GWRE,"Guidewire Software, Inc.","Guidewire Software, Inc.",Information Technology,Application Software,"San Mateo, California"
GXO,"GXO Logistics, Inc.","GXO Logistics, Inc.",Industrials,Air Freight & Logistics,"Greenwich, Connecticut"
H,Hyatt Hotels Corporation,Hyatt Hotels Corporation,Consumer Discretionary,"Hotels, Resorts & Cruise Lines","Chicago, Illinois"
HAE,Haemonetics Corporation,Haemonetics Corporation,Health Care,Health Care Supplies,"Boston, Massachusetts"
HALO,"Halozyme Therapeutics, Inc.","Halozyme Therapeutics, Inc.",Health Care,Biotechnology,"San Diego, California"
HGV,Hilton Grand Vacations Inc.,Hilton Grand Vacations Inc.,Consumer Discretionary,"Hotels, Resorts & Cruise Lines","Orlando, Florida"
HIMS,"Hims & Hers Health, Inc.","Hims & Hers Health, Inc.",Health Care,Health Care Services,"San Francisco, California"
HLI,"Houlihan Lokey, Inc.","Houlihan Lokey, Inc.",Financials,Investment Banking & Brokerage,"Los Angeles, California"
HLNE,Hamilton Lane Incorporated,Hamilton Lane Incorporated,Financials,Asset Management & Custody Banks,"Conshohocken, Pennsylvania"
HOG,"Harley-Davidson, Inc.","Harley-Davidson, Inc.",Consumer Discretionary,Motorcycle Manufacturers,"Milwaukee, Wisconsin"
HOMB,"Home BancShares, Inc.","Home Bancshares, Inc. (Conway, AR)",Financials,Regional Banks,"Conway, Arkansas"
HQY,"HealthEquity, Inc.","HealthEquity, Inc.",Health Care,Managed Health Care,"Draper, Utah"
HR,Healthcare Realty Trust Incorpo,Healthcare Realty Trust Incorporated,Real Estate,Health Care REITs,
HRB,"H&R Block, Inc.","H&R Block, Inc.",Consumer Discretionary,Specialized Consumer Services,"Kansas City, Missouri"
HWC,Hancock Whitney Corporation,Hancock Whitney Corporation,Financials,Regional Banks,"Gulfport, Mississippi"
HXL,Hexcel Corporation,Hexcel Corporation,Industrials,Aerospace & Defense,"Stamford, Connecticut"
IBOC,International Bancshares Corpor,International Bancshares Corporation,Financials,Regional Banks,"Laredo, Texas"
IDA,"IDACORP, Inc.","IDACORP, Inc.",Utilities,Electric Utilities,"Boise, Idaho"
ILMN,"Illumina, Inc.","Illumina, Inc.",Health Care,Life Sciences Tools & Services,"San Diego, California"
INGR,Ingredion Incorporated,Ingredion Incorporated,Consumer Staples,Agricultural Products & Services,"Westchester, Illinois"
IPGP,IPG Photonics Corporation,IPG Photonics Corporation,Information Technology,Electronic Manufacturing Services,"Oxford, Massachusetts"
IRDM,Iridium Communications Inc,Iridium Communications Inc.,Communication Services,Alternative Carriers,"McLean, Virginia"
IRT,"Independence Realty Trust, Inc.","Independence Realty Trust, Inc.",Real Estate,Multi-Family Residential REITs,
ITT,ITT Inc.,ITT Inc.,Industrials,Industrial Machinery & Supplies & Components,"Stamford, Connecticut"
JAZZ,Jazz Pharmaceuticals plc,Jazz Pharmaceuticals plc,Health Care,Pharmaceuticals,"Dublin, Ireland"
JEF,Jefferies Financial Group Inc.,Jefferies Financial Group Inc.,Financials,Multi-Sector Holdings,"New York City, New York"
JHG,Janus Henderson Group plc,Janus Henderson Group plc,Financials,Asset Management & Custody Banks,
JLL,Jones Lang LaSalle Incorporated,Jones Lang LaSalle Incorporated,Real Estate,Real Estate Services,"Chicago, Illinois"
KBH,KB Home,KB Home,Consumer Discretionary,Homebuilding,"Los Angeles, California"
KBR,"KBR, Inc.","KBR, Inc.",Industrials,Diversified Support Services,"Houston, Texas"
KD,"Kyndryl Holdings, Inc.","Kyndryl Holdings, Inc.",Information Technology,IT Consulting & Other Services,"New York City, New York"
KEX,Kirby Corporation,Kirby Corporation,Industrials,Marine Transportation,"Houston, Texas"
KMPR,Kemper Corporation,Kemper Corporation,Financials,Multi-line Insurance,"Chicago, Illinois"
KNF,Knife Riv Holding Co.,Knife River Corporation,Materials,Construction Materials,"Bismarck, North Dakota"
KNSL,"Kinsale Capital Group, Inc.","Kinsale Capital Group, Inc.",Financials,Property & Casualty Insurance,
KNX,Knight-Swift Transportation Hol,Knight-Swift Transportation Holdings Inc.,Industrials,Cargo Ground Transportation,"Phoenix, Arizona"
KRC,Kilroy Realty Corporation,Kilroy Realty Corporation,Real Estate,Office REITs,
KRG,Kite Realty Group Trust,Kite Realty Group Trust,Real Estate,Retail REITs,
KTOS,Kratos Defense & Security Solut,"Kratos Defense & Security Solutions, Inc.",Industrials,Aerospace & Defense,"San Diego, California"
LAD,"Lithia Motors, Inc.","Lithia Motors, Inc.",Consumer Discretionary,Automotive Retail,"Medford, Oregon"
LAMR,Lamar Advertising Company,Lamar Advertising Company,Real Estate,Other Specialized REITs,"Baton Rouge, Louisiana"
LEA,Lear Corporation,Lear Corporation,Consumer Discretionary,Automotive Parts & Equipment,"Southfield, Michigan"
LECO,"Lincoln Electric Holdings, Inc.","Lincoln Electric Holdings, Inc.",Industrials,Industrial Machinery & Supplies & Components,"Euclid, Ohio"
LFUS,"Littelfuse, Inc.","Littelfuse, Inc.",Information Technology,Electronic Components,"Chicago, Illinois"
LITE,Lumentum Holdings Inc.,Lumentum Holdings Inc.,Information Technology,Communications Equipment,"San Jose, California"
LIVN,LivaNova PLC,LivaNova PLC,Health Care,Health Care Equipment,"Houston, Texas"
LNTH,"Lantheus Holdings, Inc.","Lantheus Holdings, Inc.",Health Care,Health Care Supplies,
LNW,"Light & Wonder, Inc.","Light & Wonder, Inc.",Consumer Discretionary,Casinos & Gaming,"Las Vegas, Nevada"
LOPE,"Grand Canyon Education, Inc.","Grand Canyon Education, Inc.",Consumer Discretionary,Education Services,"Phoenix, Arizona"
LPX,Louisiana-Pacific Corporation,Louisiana-Pacific Corporation,Materials,Forest Products,"Nashville, Tennessee"
LSCC ,Lattice Semiconductor Corporati,Lattice Semiconductor Corporation,Information Technology,Semiconductors,"Hillsboro, Oregon"
LSTR,"Landstar System, Inc.","Landstar System, Inc.",Industrials,Cargo Ground Transportation,"Jacksonville, Florida"
M,Macy's Inc,"Macy's, Inc.",Consumer Discretionary,Broadline Retail,"New York City, New York"
MANH,"Manhattan Associates, Inc.","Manhattan Associates, Inc.",Information Technology,Application Software,"Atlanta, Georgia"
MASI,Masimo Corporation,Masimo Corporation,Health Care,Health Care Equipment,"Irvine, California"
MAT,"Mattel, Inc.","Mattel, Inc.",Consumer Discretionary,Leisure Products,"El Segundo, California"
MEDP,"Medpace Holdings, Inc.","Medpace Holdings, Inc.",Health Care,Life Sciences Tools & Services,"Cincinnati, Ohio"
MIDD,The Middleby Corporation,The Middleby Corporation,Industrials,Industrial Machinery & Supplies & Components,"Elgin, Illinois"
MKSI,MKS Inc.,MKS Inc.,Information Technology,Semiconductor Materials & Equipment,"Andover, Massachusetts"
MLI,"Mueller Industries, Inc.","Mueller Industries, Inc.",Industrials,Industrial Machinery & Supplies & Components,"Collierville, Tennessee"
MMS,"Maximus, Inc.","Maximus, Inc.",Industrials,Data Processing & Outsourced Services,"Tysons, Virginia"
MORN,"Morningstar, Inc.","Morningstar, Inc.",Financials,Financial Exchanges & Data,"Chicago, Illinois"
MP,MP Materials Corp.,MP Materials Corp.,Materials,Diversified Metals & Mining,"Las Vegas, Nevada"
MSA,MSA Safety Incorporated,MSA Safety Incorporated,Industrials,Office Services & Supplies,"Cranberry Township, Pennsylvania"
MSM,"MSC Industrial Direct Company, ","MSC Industrial Direct Co., Inc.",Industrials,Trading Companies & Distributors,"Melville, New York Davidson, North Carolina"
MTDR,Matador Resources Company,Matador Resources Company,Energy,Oil & Gas Exploration & Production,"Dallas, Texas"
MTG,MGIC Investment Corporation,MGIC Investment Corporation,Financials,Reinsurance,"Milwaukee, Wisconsin"
MTN,"Vail Resorts, Inc.","Vail Resorts, Inc.",Consumer Discretionary,"Hotels, Resorts & Cruise Lines","Broomfield, Colorado"
MTSI,MACOM Technology Solutions Hold,"MACOM Technology Solutions Holdings, Inc.",Information Technology,Semiconductors,"Lowell, Massachusetts"
MTZ,"MasTec, Inc.","MasTec, Inc.",Industrials,Construction & Engineering,"Coral Gables, Florida"
MUR,Murphy Oil Corporation,Murphy Oil Corporation,Energy,Oil & Gas Exploration & Production,"Houston, Texas"
MUSA,Murphy USA Inc.,Murphy USA Inc.,Consumer Discretionary,Automotive Retail,"El Dorado, Arkansas"
MZTI,The Marzetti Company,The Marzetti Company,Consumer Staples,Packaged Foods & Meats,"Westerville, Ohio"
NBIX,"Neurocrine Biosciences, Inc.","Neurocrine Biosciences, Inc.",Health Care,Biotechnology,"San Diego, California"
NEU,NewMarket Corp,NewMarket Corporation,Materials,Specialty Chemicals,"Richmond, Virginia"
NFG,National Fuel Gas Company,National Fuel Gas Company,Utilities,Gas Utilities,"Williamsville, New York"
NJR,NewJersey Resources Corporation,New Jersey Resources Corporation,Utilities,Gas Utilities,"Wall Township, New Jersey"
NLY,Annaly Capital Management Inc.,"Annaly Capital Management, Inc.",Financials,Mortgage REITs,"New York City, New York"
NNN,"NNN REIT, Inc.","NNN REIT, Inc.",Real Estate,Retail REITs,"Orlando, Florida"
NOV,NOV Inc.,NOV Inc.,Energy,Oil & Gas Equipment & Services,"Houston, Texas"
NOVT,Novanta Inc.,Novanta Inc.,Information Technology,Electronic Equipment & Instruments,
NSA,National Storage Affiliates Tru,National Storage Affiliates Trust,Real Estate,Self-Storage REITs,
NSP,"Insperity, Inc.","Insperity, Inc.",Industrials,Human Resource & Employment Services,"Houston, Texas"
NTNX,"Nutanix, Inc.","Nutanix, Inc.",Information Technology,Systems Software,"San Jose, California"
NVST,Envista Holdings Corporation,Envista Holdings Corporation,Health Care,Health Care Supplies,
NVT,nVent Electric plc,nVent Electric plc,Industrials,Electrical Components & Equipment,
NWE,"NorthWestern Energy Group, Inc.","NorthWestern Energy Group, Inc.",Utilities,Multi-Utilities,"Sioux Falls, South Dakota"
NXST,"Nexstar Media Group, Inc.","Nexstar Media Group, Inc.",Communication Services,Broadcasting,"Irving, Texas"
NXT,Nextracker Inc.,Nextracker Inc.,Industrials,Electrical Components & Equipment,"Fremont, California"
NYT,New York Times Company (The),The New York Times Company,Communication Services,Publishing,"New York City, New York"
OC,Owens Corning Inc,Owens Corning,Industrials,Building Products,"Toledo, Ohio"
OGE,OGE Energy Corp,OGE Energy Corp.,Utilities,Multi-Utilities,"Oklahoma City, Oklahoma"
OGS,"ONE Gas, Inc.","ONE Gas, Inc.",Utilities,Gas Utilities,"Tulsa, Oklahoma"
OHI,"Omega Healthcare Investors, Inc","Omega Healthcare Investors, Inc.",Real Estate,Health Care REITs,
OKTA,"Okta, Inc.","Okta, Inc.",Information Technology,Application Software,"San Francisco, California"
OLED,Universal Display Corporation,Universal Display Corporation,Information Technology,Semiconductors,"Ewing, New Jersey"
OLLI,Ollie's Bargain Outlet Holdings,"Ollie's Bargain Outlet Holdings, Inc.",Consumer Discretionary,Broadline Retail,"Harrisburg, Pennsylvania"
OLN,Olin Corporation,Olin Corporation,Materials,Diversified Chemicals,"Clayton, Missouri"
ONB,Old National Bancorp,Old National Bancorp,Financials,Regional Banks,"Evansville, Indiana"
ONTO,Onto Innovation Inc.,Onto Innovation Inc.,Information Technology,Semiconductor Materials & Equipment,"Wilmington, Massachusetts"
OPCH,"Option Care Health, Inc.","Option Care Health, Inc.",Health Care,Health Care Facilities,
ORA,"Ormat Technologies, Inc.","Ormat Technologies, Inc.",Utilities,Renewable Electricity,"Reno, Nevada"
ORI,Old Republic International Corp,Old Republic International Corporation,Financials,Property & Casualty Insurance,"Chicago, Illinois"
OSK,Oshkosh Corporation (Holding Co,Oshkosh Corporation,Industrials,Construction Machinery & Heavy Transportation Equipment,"Oshkosh, Wisconsin"
OVV,Ovintiv Inc. (DE),Ovintiv Inc.,Energy,Oil & Gas Exploration & Production,"Denver, Colorado"
OZK,Bank OZK,Bank OZK,Financials,Regional Banks,"Little Rock, Arkansas"
PAG,"Penske Automotive Group, Inc.","Penske Automotive Group, Inc.",Consumer Discretionary,Automotive Retail,"Bloomfield Hills, Michigan"
PB,"Prosperity Bancshares, Inc.","Prosperity Bancshares, Inc.",Financials,Regional Banks,"Houston, Texas"
PBF,PBF Energy Inc.,PBF Energy Inc.,Energy,Oil & Gas Refining & Marketing,"Parsippany, New Jersey"
PCH,PotlatchDeltic Corporation - Co,PotlatchDeltic Corporation,Real Estate,Timber REITs,"Spokane, Washington"
PCTY,Paylocity Holding Corporation,Paylocity Holding Corporation,Industrials,Human Resource & Employment Services,"Schaumburg, Illinois"
PEGA,Pegasystems Inc.,Pegasystems Inc.,Information Technology,Application Software,"Waltham, Massachusetts"
PEN,"Penumbra, Inc.","Penumbra, Inc.",Health Care,Health Care Equipment,"Alameda, California"
PFGC,Performance Food Group Company,Performance Food Group Company,Consumer Staples,Food Distributors,"Richmond, Virginia"
PII,Polaris Inc.,Polaris Inc.,Consumer Discretionary,Leisure Products,"Medina, Minnesota"
PK,Park Hotels & Resorts Inc.,Park Hotels & Resorts Inc.,Real Estate,Hotel & Resort REITs,"Tysons, Virginia"
PLNT,"Planet Fitness, Inc.","Planet Fitness, Inc.",Consumer Discretionary,Leisure Facilities,"Hampton, New Hampshire"
PNFP,"Pinnacle Financial Partners, In","Pinnacle Financial Partners, Inc.",Financials,Regional Banks,"Nashville, Tennessee"
POR,Portland General Electric Co,Portland General Electric Company,Utilities,Electric Utilities,"Portland, Oregon"
POST,"Post Holdings, Inc.","Post Holdings, Inc.",Consumer Staples,Packaged Foods & Meats,"St Louis, Missouri"
POWI,"Power Integrations, Inc.","Power Integrations, Inc.",Information Technology,Semiconductors,"San Jose, California"
PPC,Pilgrim's Pride Corporation,Pilgrim's Pride Corporation,Consumer Staples,Packaged Foods & Meats,"Greeley, Colorado"
PR,Permian Resources Corporation,Permian Resources Corporation,Energy,Oil & Gas Exploration & Production,"Midland, Texas"
PRGO,Perrigo Company plc,Perrigo Company plc,Health Care,Pharmaceuticals,"Grand Rapids, Michigan"
PRI,"Primerica, Inc.","Primerica, Inc.",Financials,Life & Health Insurance,"Duluth, Georgia"
PSN,Parsons Corporation,Parsons Corporation,Industrials,Aerospace & Defense,"Chantilly, Virginia"
PSTG,"Pure Storage, Inc.","Pure Storage, Inc.",Information Technology,"Technology Hardware, Storage & Peripherals","Santa Clara, California"
PVH,PVH Corp.,PVH Corp.,Consumer Discretionary,"Apparel, Accessories & Luxury Goods","New York City, New York"
QLYS,"Qualys, Inc.","Qualys, Inc.",Information Technology,Systems Software,"Foster City, California"
R,"Ryder System, Inc.","Ryder System, Inc.",Industrials,Cargo Ground Transportation,"Miami, Florida"
RBA,"RB Global, Inc.","RB Global, Inc.",Industrials,Diversified Support Services,"Westchester, Illinois"
RBC,RBC Bearings Incorporated,RBC Bearings Incorporated,Industrials,Industrial Machinery & Supplies & Components,"Oxford, Connecticut"
REXR,"Rexford Industrial Realty, Inc.","Rexford Industrial Realty, Inc.",Real Estate,Industrial REITs,
RGA,"Reinsurance Group of America, I","Reinsurance Group of America, Incorporated",Financials,Reinsurance,"Chesterfield, Missouri"
RGEN,Repligen Corporation,Repligen Corporation,Health Care,Biotechnology,"Waltham, Massachusetts"
RGLD,"Royal Gold, Inc.","Royal Gold, Inc.",Materials,Gold,"Denver, Colorado"
RH,RH,RH,Consumer Discretionary,Homefurnishing Retail,"Corte Madera, California"
RLI,RLI Corp.,RLI Corp.,Financials,Property & Casualty Insurance,"Peoria, Illinois"
RMBS,"Rambus, Inc.",Rambus Inc.,Information Technology,Semiconductors,"San Jose, California"
RNR,RenaissanceRe Holdings Ltd.,RenaissanceRe Holdings Ltd.,Financials,Reinsurance,Bermuda
ROIV,Roivant Sciences Ltd.,Roivant Sciences Ltd.,Health Care,Biotechnology,"London, United Kingdom"
RPM,RPM International Inc.,RPM International Inc.,Materials,Specialty Chemicals,"Medina, Ohio"
RRC,Range Resources Corporation,Range Resources Corporation,Energy,Oil & Gas Exploration & Production,"Fort Worth, Texas"
RRX,Regal Rexnord Corporation,Regal Rexnord Corporation,Industrials,Electrical Components & Equipment,"Beloit, Wisconsin"
RS,"Reliance, Inc.","Reliance, Inc.",Materials,Steel,"Scottsdale, Arizona"
RYAN,"Ryan Specialty Holdings, Inc.","Ryan Specialty Holdings, Inc.",Financials,Insurance Brokers,"Chicago, Illinois"
RYN,Rayonier Inc. REIT,Rayonier Inc.,Real Estate,Timber REITs,"Wildlight, Florida"
SAIA,"Saia, Inc.","Saia, Inc.",Industrials,Cargo Ground Transportation,"Johns Creek, Georgia"
SAIC,Science Applications Internatio,Science Applications International Corporation,Industrials,Diversified Support Services,"Reston, Virginia"
SAM,"Boston Beer Company, Inc. (The)","The Boston Beer Company, Inc.",Consumer Staples,Brewers,"Boston, Massachusetts"
SATS,EchoStar Corporation,EchoStar Corporation,Communication Services,Wireless Telecommunication Services,"Englewood, Colorado"
SBRA,"Sabra Health Care REIT, Inc.","Sabra Health Care REIT, Inc.",Real Estate,Health Care REITs,
SCI,Service Corporation Internation,Service Corporation International,Consumer Discretionary,Specialized Consumer Services,"Houston, Texas"
SEIC,SEI Investments Company,SEI Investments Company,Financials,Asset Management & Custody Banks,"Oaks, Pennsylvania"
SF,Stifel Financial Corporation,Stifel Financial Corp.,Financials,Investment Banking & Brokerage,"St. Louis, Missouri"
SFM,"Sprouts Farmers Market, Inc.","Sprouts Farmers Market, Inc.",Consumer Staples,Food Retail,"Phoenix, Arizona"
SGI,Somnigroup International Inc.,Somnigroup International Inc.,Consumer Discretionary,Home Furnishings,"Lexington, Kentucky"
SHC,Sotera Health Company,Sotera Health Company,Health Care,Health Care Services,"Broadview Heights, Ohio"
SIGI,"Selective Insurance Group, Inc.","Selective Insurance Group, Inc.",Financials,Property & Casualty Insurance,
SLAB,"Silicon Laboratories, Inc.",Silicon Laboratories Inc.,Information Technology,Semiconductors,"Austin, Texas"
SLGN,Silgan Holdings Inc.,Silgan Holdings Inc.,Materials,"Metal, Glass & Plastic Containers","Stamford, Connecticut"
SLM,SLM Corporation,SLM Corporation,Financials,Consumer Finance,"Newark, Delaware"
SMG,Scotts Miracle-Gro Company (The,The Scotts Miracle-Gro Company,Materials,Fertilizers & Agricultural Chemicals,"Marysville, Ohio"
SNV,Synovus Financial Corp.,Synovus Financial Corp.,Financials,Regional Banks,"Columbus, Georgia"
SNX,TD SYNNEX Corporation,TD SYNNEX Corporation,Information Technology,Technology Distributors,"Fremont, California Clearwater, Florida"
SON,Sonoco Products Company,Sonoco Products Company,Materials,Paper & Plastic Packaging Products & Materials,"Hartsville, South Carolina"
SR,Spire Inc.,Spire Inc.,Utilities,Gas Utilities,"St. Louis, Missouri"
SSB,SouthState Bank Corporation,SouthState Bank Corporation,Financials,Regional Banks,"Winter Haven, Florida"
SSD,"Simpson Manufacturing Company, ","Simpson Manufacturing Co., Inc.",Industrials,Building Products,"Pleasanton, California"
ST,Sensata Technologies Holding pl,Sensata Technologies Holding plc,Industrials,Electrical Components & Equipment,"Attleboro, Massachusetts"
STAG,"Stag Industrial, Inc.","STAG Industrial, Inc.",Real Estate,Industrial REITs,"Boston, Massachusetts"
STWD,"STARWOOD PROPERTY TRUST, INC. S","Starwood Property Trust, Inc.",Financials,Mortgage REITs,"Greenwich, Connecticut"
SWX,"Southwest Gas Holdings, Inc.","Southwest Gas Holdings, Inc.",Utilities,Gas Utilities,"Las Vegas, Nevada"
SYNA,Synaptics Incorporated,Synaptics Incorporated,Information Technology,Semiconductors,"San Jose, California"
TCBI,"Texas Capital Bancshares, Inc.","Texas Capital Bancshares, Inc.",Financials,Regional Banks,"Dallas, Texas"
TEX,Terex Corporation,Terex Corporation,Industrials,Construction Machinery & Heavy Transportation Equipment,"Norwalk, Connecticut"
THC,Tenet Healthcare Corporation,Tenet Healthcare Corporation,Health Care,Health Care Facilities,"Dallas, Texas"
THG,Hanover Insurance Group Inc,"The Hanover Insurance Group, Inc.",Financials,Property & Casualty Insurance,"Worcester, Massachusetts"
THO,"Thor Industries, Inc.","THOR Industries, Inc.",Consumer Discretionary,Leisure Products,"Elkhart, Indiana"
TKR,Timken Company (The),The Timken Company,Industrials,Industrial Machinery & Supplies & Components,"North Canton, Ohio"
TLN,Talen Energy Corporation,Talen Energy Corporation,Utilities,Independent Power Producers & Energy Traders,"Houston, Texas"
TMHC,Taylor Morrison Home Corporatio,Taylor Morrison Home Corporation,Consumer Discretionary,Homebuilding,"Scottsdale, Arizona"
TNL,Travel   Leisure Co.,Travel + Leisure Co.,Consumer Discretionary,"Hotels, Resorts & Cruise Lines","Orlando, Florida"
TOL,"Toll Brothers, Inc.","Toll Brothers, Inc.",Consumer Discretionary,Homebuilding,"Fort Washington, Pennsylvania"
TREX,"Trex Company, Inc.","Trex Company, Inc.",Industrials,Building Products,"Winchester, Virginia"
TRU,TransUnion,TransUnion,Industrials,Research & Consulting Services,"Chicago, Illinois"
TTC,Toro Company (The),The Toro Company,Industrials,Agricultural & Farm Machinery,"Bloomington, Minnesota"
TTEK,"Tetra Tech, Inc.","Tetra Tech, Inc.",Industrials,Construction & Engineering,"Pasadena, California"
TWLO,Twilio Inc.,Twilio Inc.,Information Technology,Systems Software,"San Francisco, California"
TXNM,"TXNM Energy, Inc.","TXNM Energy, Inc.",Utilities,Electric Utilities,"Albuquerque, New Mexico"
TXRH,"Texas Roadhouse, Inc.","Texas Roadhouse, Inc.",Consumer Discretionary,Restaurants,"Louisville, Kentucky"
UA,"Under Armour, Inc.","Under Armour, Inc.",Consumer Discretionary,"Apparel, Accessories & Luxury Goods","Baltimore, Maryland"
UAA,"Under Armour, Inc.","Under Armour, Inc.",Consumer Discretionary,"Apparel, Accessories & Luxury Goods","Baltimore, Maryland"
UBSI,"United Bankshares, Inc.","United Bankshares, Inc.",Financials,Regional Banks,"Charleston, West Virginia"
UFPI,"UFP Industries, Inc.","UFP Industries, Inc.",Industrials,Building Products,"Grand Rapids, Michigan"
UGI,UGI Corporation,UGI Corporation,Utilities,Gas Utilities,"King of Prussia, Pennsylvania"
UMBF,UMB Financial Corporation,UMB Financial Corporation,Financials,Regional Banks,"Kansas City, Missouri"
UNM,Unum Group,Unum Group,Financials,Life & Health Insurance,"Chattanooga, Tennessee"
USFD,US Foods Holding Corp.,US Foods Holding Corp.,Consumer Staples,Food Distributors,"Rosemont, Illinois"
UTHR,United Therapeutics Corporation,United Therapeutics Corporation,Health Care,Biotechnology,
VAC,Marriott Vacations Worldwide Co,Marriott Vacations Worldwide Corporation,Consumer Discretionary,"Hotels, Resorts & Cruise Lines","Orlando, Florida"
VAL,Valaris Limited,Valaris Limited,Energy,Oil & Gas Drilling,"Houston, Texas"
VC,Visteon Corporation,Visteon Corporation,Consumer Discretionary,Automotive Parts & Equipment,"Van Buren Township, Michigan"
VFC,V.F. Corporation,V.F. Corporation,Consumer Discretionary,"Apparel, Accessories & Luxury Goods","Denver, Colorado"
VLY,Valley National Bancorp,Valley National Bancorp,Financials,Regional Banks,"Morristown, New Jersey"
VMI,"Valmont Industries, Inc.","Valmont Industries, Inc.",Industrials,Industrial Machinery & Supplies & Components,"Omaha, Nebraska"
VNO,Vornado Realty Trust,Vornado Realty Trust,Real Estate,Office REITs,"New York City, New York"
VNOM,"Viper Energy, Inc.","Viper Energy, Inc.",Energy,Oil & Gas Storage & Transportation,"Midland, Texas"
VNT,Vontier Corporation,Vontier Corporation,Information Technology,Electronic Equipment & Instruments,"Raleigh, North Carolina"
VOYA,"Voya Financial, Inc.","Voya Financial, Inc.",Financials,Multi-Sector Holdings,"New York City, New York"
VVV,Valvoline Inc.,Valvoline Inc.,Consumer Discretionary,Automotive Retail,"Lexington, Kentucky"
WAL,Western Alliance Bancorporation,Western Alliance Bancorporation,Financials,Regional Banks,"Phoenix, Arizona"
WBS,Webster Financial Corporation,Webster Financial Corporation,Financials,Regional Banks,"Stamford, Connecticut"
WCC,"WESCO International, Inc.","WESCO International, Inc.",Industrials,Trading Companies & Distributors,"Pittsburgh, Pennsylvania"
WEX,WEX Inc.,WEX Inc.,Financials,Transaction & Payment Processing Services,"South Portland, Maine"
WFRD,Weatherford International plc,Weatherford International plc,Energy,Oil & Gas Equipment & Services,"Houston, Texas"
WH,"Wyndham Hotels & Resorts, Inc.","Wyndham Hotels & Resorts, Inc.",Consumer Discretionary,"Hotels, Resorts & Cruise Lines","Parsippany, New Jersey"
WHR,Whirlpool Corporation,Whirlpool Corporation,Consumer Discretionary,Household Appliances,"Benton Harbor, Michigan"
WING,Wingstop Inc.,Wingstop Inc.,Consumer Discretionary,Restaurants,"Addison, Texas"
WLK,Westlake Corporation,Westlake Corporation,Materials,Specialty Chemicals,"Houston, Texas"
WMG,Warner Music Group Corp.,Warner Music Group Corp.,Communication Services,Movies & Entertainment,"New York City, New York"
WMS,"Advanced Drainage Systems, Inc.","Advanced Drainage Systems, Inc.",Industrials,Building Products,"Hilliard, Ohio"
WPC,W. P. Carey Inc. REIT,W. P. Carey Inc.,Real Estate,Diversified REITs,"New York City, New York"
WSO,"Watsco, Inc.","Watsco, Inc.",Industrials,Trading Companies & Distributors,"Miami, Florida"
WTFC,Wintrust Financial Corporation,Wintrust Financial Corporation,Financials,Regional Banks,"Rosemont, Illinois"
WTRG,"Essential Utilities, Inc.","Essential Utilities, Inc.",Utilities,Water Utilities,"Bryn Mawr, Pennsylvania"
WTS,"Watts Water Technologies, Inc.","Watts Water Technologies, Inc.",Industrials,Building Products,"North Andover, Massachusetts"
WWD,"Woodward, Inc.","Woodward, Inc.",Industrials,Electrical Components & Equipment,"Fort Collins, Colorado"
XPO,"XPO, Inc.","XPO, Inc.",Industrials,Cargo Ground Transportation,"Greenwich, Connecticut"
XRAY,DENTSPLY SIRONA Inc.,DENTSPLY SIRONA Inc.,Health Care,Health Care Supplies,"Charlotte, North Carolina"
YETI,"YETI Holdings, Inc.","YETI Holdings, Inc.",Consumer Discretionary,Leisure Products,"Austin, Texas"
ZION,Zions Bancorporation N.A.,"Zions Bancorporation, National Association",Financials,Regional Banks,"Salt Lake City, Utah"
