symbol,Short Name,Long Name,GICS Sector,GICS Sub-Industry,Headquarters Location
Founded,N/A,N/A,,,
MMM,3M Company,3M Company,Industrials,Industrial Conglomerates,"Saint Paul, Minnesota"
AOS,A.O. Smith Corporation,A. O. Smith Corporation,Industrials,Building Products,"Milwaukee, Wisconsin"
ABT,Abbott Laboratories,Abbott Laboratories,Health Care,Health Care Equipment,"North Chicago, Illinois"
ABBV,AbbVie Inc.,AbbVie Inc.,Health Care,Biotechnology,"North Chicago, Illinois"
ACN,Accenture plc,Accenture plc,Information Technology,IT Consulting & Other Services,"Dublin, Ireland"
ADBE,Adobe Inc.,Adobe Inc.,Information Technology,Application Software,"San Jose, California"
AMD,"Advanced Micro Devices, Inc.","Advanced Micro Devices, Inc.",Information Technology,Semiconductors,"Santa Clara, California"
AES,The AES Corporation,The AES Corporation,Utilities,Independent Power Producers & Energy Traders,"Arlington, Virginia"
AFL,AFLAC Incorporated,Aflac Incorporated,Financials,Life & Health Insurance,"Columbus, Georgia"
A,"Agilent Technologies, Inc.","Agilent Technologies, Inc.",Health Care,Life Sciences Tools & Services,"Santa Clara, California"
APD,"Air Products and Chemicals, Inc","Air Products and Chemicals, Inc.",Materials,Industrial Gases,"Upper Macungie Township, Pennsylvania"
ABNB,"Airbnb, Inc.","Airbnb, Inc.",Consumer Discretionary,"Hotels, Resorts & Cruise Lines","San Francisco, California"
AKAM,"Akamai Technologies, Inc.","Akamai Technologies, Inc.",Information Technology,Internet Services & Infrastructure,"Cambridge, Massachusetts"
ALB,Albemarle Corporation,Albemarle Corporation,Materials,Specialty Chemicals,"Charlotte, North Carolina"
ARE,Alexandria Real Estate Equities,"Alexandria Real Estate Equities, Inc.",Real Estate,Office REITs,"Pasadena, California"
ALGN,"Align Technology, Inc.","Align Technology, Inc.",Health Care,Health Care Supplies,"Tempe, Arizona"
ALLE,Allegion plc,Allegion plc,Industrials,Building Products,"Dublin, Ireland"
LNT,Alliant Energy Corporation,Alliant Energy Corporation,Utilities,Electric Utilities,"Madison, Wisconsin"
ALL,Allstate Corporation (The),The Allstate Corporation,Financials,Property & Casualty Insurance,"Northbrook, Illinois"
GOOGL,Alphabet Inc.,Alphabet Inc.,Communication Services,Interactive Media & Services,"Mountain View, California"
GOOG,Alphabet Inc.,Alphabet Inc.,Communication Services,Interactive Media & Services,"Mountain View, California"
MO,"Altria Group, Inc.","Altria Group, Inc.",Consumer Staples,Tobacco,"Richmond, Virginia"
AMZN,"Amazon.com, Inc.","Amazon.com, Inc.",Consumer Discretionary,Broadline Retail,"Seattle, Washington"
AMCR,Amcor plc,Amcor plc,Materials,Paper & Plastic Packaging Products & Materials,"Warmley, Bristol, United Kingdom"
AEE,Ameren Corporation,Ameren Corporation,Utilities,Multi-Utilities,"St. Louis, Missouri"
AEP,American Electric Power Company,"American Electric Power Company, Inc.",Utilities,Electric Utilities,"Columbus, Ohio"
AXP,American Express Company,American Express Company,Financials,Consumer Finance,"New York City, New York"
AIG,"American International Group, I","American International Group, Inc.",Financials,Multi-line Insurance,"New York City, New York"
AMT,American Tower Corporation (REI,American Tower Corporation,Real Estate,Telecom Tower REITs,"Boston, Massachusetts"
AWK,"American Water Works Company, I","American Water Works Company, Inc.",Utilities,Water Utilities,"Camden, New Jersey"
AMP,"Ameriprise Financial, Inc.","Ameriprise Financial, Inc.",Financials,Asset Management & Custody Banks,"Minneapolis, Minnesota"
AME,"AMETEK, Inc.","AMETEK, Inc.",Industrials,Electrical Components & Equipment,"Berwyn, Pennsylvania"
AMGN,Amgen Inc.,Amgen Inc.,Health Care,Biotechnology,"Thousand Oaks, California"
APH,Amphenol Corporation,Amphenol Corporation,Information Technology,Electronic Components,"Wallingford, Connecticut"
ADI,"Analog Devices, Inc.","Analog Devices, Inc.",Information Technology,Semiconductors,"Wilmington, Massachusetts"
AON,Aon plc,Aon plc,Financials,Insurance Brokers,"London, United Kingdom"
APA,APA Corporation,APA Corporation,Energy,Oil & Gas Exploration & Production,"Houston, Texas"
APO,"Apollo Global Management, Inc. ","Apollo Global Management, Inc.",Financials,Asset Management & Custody Banks,"New York City, New York"
AAPL,Apple Inc.,Apple Inc.,Information Technology,"Technology Hardware, Storage & Peripherals","Cupertino, California"
AMAT,"Applied Materials, Inc.","Applied Materials, Inc.",Information Technology,Semiconductor Materials & Equipment,"Santa Clara, California"
APP,Applovin Corporation,AppLovin Corporation,Information Technology,Application Software,"Palo Alto, California"
APTV,Aptiv PLC,Aptiv PLC,Consumer Discretionary,Automotive Parts & Equipment,"Dublin, Ireland"
ACGL,Arch Capital Group Ltd.,Arch Capital Group Ltd.,Financials,Property & Casualty Insurance,"Hamilton, Bermuda"
ADM,Archer-Daniels-Midland Company,Archer-Daniels-Midland Company,Consumer Staples,Agricultural Products & Services,"Chicago, Illinois"
ANET,"Arista Networks, Inc.",Arista Networks Inc,Information Technology,Communications Equipment,"Santa Clara, California"
AJG,Arthur J. Gallagher & Co.,Arthur J. Gallagher & Co.,Financials,Insurance Brokers,"Rolling Meadows, Illinois"
AIZ,"Assurant, Inc.","Assurant, Inc.",Financials,Multi-line Insurance,"Atlanta, Georgia"
T,AT&T Inc.,AT&T Inc.,Communication Services,Integrated Telecommunication Services,"Dallas, Texas"
ATO,Atmos Energy Corporation,Atmos Energy Corporation,Utilities,Gas Utilities,"Dallas, Texas"
ADSK,"Autodesk, Inc.","Autodesk, Inc.",Information Technology,Application Software,"San Francisco, California"
ADP,"Automatic Data Processing, Inc.","Automatic Data Processing, Inc.",Industrials,Human Resource & Employment Services,"Roseland, New Jersey"
AZO,"AutoZone, Inc.","AutoZone, Inc.",Consumer Discretionary,Automotive Retail,"Memphis, Tennessee"
AVB,"AvalonBay Communities, Inc.","AvalonBay Communities, Inc.",Real Estate,Multi-Family Residential REITs,"Arlington, Virginia"
AVY,Avery Dennison Corporation,Avery Dennison Corporation,Materials,Paper & Plastic Packaging Products & Materials,"Mentor, Ohio"
AXON,"Axon Enterprise, Inc.","Axon Enterprise, Inc.",Industrials,Aerospace & Defense,"Scottsdale, Arizona"
BKR,Baker Hughes Company,Baker Hughes Company,Energy,Oil & Gas Equipment & Services,"Houston, Texas"
BALL,Ball Corporation,Ball Corporation,Materials,"Metal, Glass & Plastic Containers","Broomfield, Colorado"
BAC,Bank of America Corporation,Bank of America Corporation,Financials,Diversified Banks,"Charlotte, North Carolina"
BAX,Baxter International Inc.,Baxter International Inc.,Health Care,Health Care Equipment,"Deerfield, Illinois"
BDX,"Becton, Dickinson and Company","Becton, Dickinson and Company",Health Care,Health Care Equipment,"Franklin Lakes, New Jersey"
BRK.B,N/A,N/A,Financials,Multi-Sector Holdings,"Omaha, Nebraska"
BBY,"Best Buy Co., Inc.","Best Buy Co., Inc.",Consumer Discretionary,Computer & Electronics Retail,"Richfield, Minnesota"
TECH,Bio-Techne Corp,Bio-Techne Corporation,Health Care,Life Sciences Tools & Services,"Minneapolis, Minnesota"
BIIB,Biogen Inc.,Biogen Inc.,Health Care,Biotechnology,"Cambridge, Massachusetts"
BLK,"BlackRock, Inc.","BlackRock, Inc.",Financials,Asset Management & Custody Banks,"New York City, New York"
BX,Blackstone Inc.,Blackstone Inc.,Financials,Asset Management & Custody Banks,"New York City, New York"
XYZ,"Block, Inc.","Block, Inc.",Financials,Transaction & Payment Processing Services,none
BK,The Bank of New York Mellon Cor,The Bank of New York Mellon Corporation,Financials,Asset Management & Custody Banks,"New York City, New York"
BA,Boeing Company (The),The Boeing Company,Industrials,Aerospace & Defense,"Arlington, Virginia"
BKNG,Booking Holdings Inc. Common St,Booking Holdings Inc.,Consumer Discretionary,"Hotels, Resorts & Cruise Lines","Norwalk, Connecticut"
BSX,Boston Scientific Corporation,Boston Scientific Corporation,Health Care,Health Care Equipment,"Marlborough, Massachusetts"
BMY,Bristol-Myers Squibb Company,Bristol-Myers Squibb Company,Health Care,Pharmaceuticals,"New York City, New York"
AVGO,Broadcom Inc.,Broadcom Inc.,Information Technology,Semiconductors,"Palo Alto, California"
BR,"Broadridge Financial Solutions,","Broadridge Financial Solutions, Inc.",Industrials,Data Processing & Outsourced Services,"Lake Success, New York"
BRO,"Brown & Brown, Inc.","Brown & Brown, Inc.",Financials,Insurance Brokers,"Daytona Beach, Florida"
BF.B,N/A,N/A,Consumer Staples,Distillers & Vintners,"Louisville, Kentucky"
BLDR,"Builders FirstSource, Inc.","Builders FirstSource, Inc.",Industrials,Building Products,"Irving, Texas"
BG,Bunge Limited,Bunge Global SA,Consumer Staples,Agricultural Products & Services,"Chesterfield, Missouri"
BXP,"BXP, Inc.","BXP, Inc.",Real Estate,Office REITs,"Boston, Massachusetts"
CHRW,"C.H. Robinson Worldwide, Inc.","C.H. Robinson Worldwide, Inc.",Industrials,Air Freight & Logistics,"Eden Prairie, Minnesota"
CDNS,"Cadence Design Systems, Inc.","Cadence Design Systems, Inc.",Information Technology,Application Software,"San Jose, California"
CPT,Camden Property Trust,Camden Property Trust,Real Estate,Multi-Family Residential REITs,"Houston, Texas"
CPB,The Campbell's Company,The Campbell's Company,Consumer Staples,Packaged Foods & Meats,"Camden, New Jersey"
COF,Capital One Financial Corporati,Capital One Financial Corporation,Financials,Consumer Finance,"Tysons Corner, Virginia"
CAH,"Cardinal Health, Inc.","Cardinal Health, Inc.",Health Care,Health Care Distributors,"Dublin, Ohio"
KMX,CarMax Inc,"CarMax, Inc.",Consumer Discretionary,Automotive Retail,"Richmond, Virginia"
CCL,Carnival Corporation,Carnival Corporation & plc,Consumer Discretionary,"Hotels, Resorts & Cruise Lines","Miami, Florida"
CARR,Carrier Global Corporation,Carrier Global Corporation,Industrials,Building Products,"Palm Beach Gardens, Florida"
CAT,"Caterpillar, Inc.",Caterpillar Inc.,Industrials,Construction Machinery & Heavy Transportation Equipment,"Irving, Texas"
CBOE,"Cboe Global Markets, Inc.","Cboe Global Markets, Inc.",Financials,Financial Exchanges & Data,"Chicago, Illinois"
CBRE,CBRE Group Inc,"CBRE Group, Inc.",Real Estate,Real Estate Services,"Dallas, Texas"
CDW,CDW Corporation,CDW Corporation,Information Technology,Technology Distributors,"Vernon Hills, Illinois"
COR,"Cencora, Inc.","Cencora, Inc.",Health Care,Health Care Distributors,"Conshohocken, Pennsylvania"
CNC,Centene Corporation,Centene Corporation,Health Care,Managed Health Care,"St. Louis, Missouri"
CNP,"CenterPoint Energy, Inc (Holdin","CenterPoint Energy, Inc.",Utilities,Multi-Utilities,"Houston, Texas"
CF,"CF Industries Holdings, Inc.","CF Industries Holdings, Inc.",Materials,Fertilizers & Agricultural Chemicals,"Deerfield, Illinois"
CRL,Charles River Laboratories Inte,"Charles River Laboratories International, Inc.",Health Care,Life Sciences Tools & Services,"Wilmington, Massachusetts"
SCHW,Charles Schwab Corporation (The,The Charles Schwab Corporation,Financials,Investment Banking & Brokerage,"Westlake, Texas"
CHTR,"Charter Communications, Inc.","Charter Communications, Inc.",Communication Services,Cable & Satellite,"Stamford, Connecticut"
CVX,Chevron Corporation,Chevron Corporation,Energy,Integrated Oil & Gas,"Houston, Texas"
CMG,"Chipotle Mexican Grill, Inc.","Chipotle Mexican Grill, Inc.",Consumer Discretionary,Restaurants,"Newport Beach, California"
CB,Chubb Limited,Chubb Limited,Financials,Property & Casualty Insurance,"Zurich, Switzerland"
CHD,"Church & Dwight Company, Inc.","Church & Dwight Co., Inc.",Consumer Staples,Household Products,"Ewing, New Jersey"
CI,The Cigna Group,The Cigna Group,Health Care,Health Care Services,"Bloomfield, Connecticut"
CINF,Cincinnati Financial Corporatio,Cincinnati Financial Corporation,Financials,Property & Casualty Insurance,"Fairfield, Ohio"
CTAS,Cintas Corporation,Cintas Corporation,Industrials,Diversified Support Services,"Mason, Ohio"
CSCO,"Cisco Systems, Inc.","Cisco Systems, Inc.",Information Technology,Communications Equipment,"San Jose, California"
C,"Citigroup, Inc.",Citigroup Inc.,Financials,Diversified Banks,"New York City, New York"
CFG,"Citizens Financial Group, Inc.","Citizens Financial Group, Inc.",Financials,Regional Banks,"Providence, Rhode Island"
CLX,Clorox Company (The),The Clorox Company,Consumer Staples,Household Products,"Oakland, California"
CME,CME Group Inc.,CME Group Inc.,Financials,Financial Exchanges & Data,"Chicago, Illinois"
CMS,CMS Energy Corporation,CMS Energy Corporation,Utilities,Multi-Utilities,"Jackson, Michigan"
KO,Coca-Cola Company (The),The Coca-Cola Company,Consumer Staples,Soft Drinks & Non-alcoholic Beverages,"Atlanta, Georgia"
CTSH,Cognizant Technology Solutions ,Cognizant Technology Solutions Corporation,Information Technology,IT Consulting & Other Services,"Teaneck, New Jersey"
COIN,"Coinbase Global, Inc.","Coinbase Global, Inc.",Financials,Financial Exchanges & Data,"New York City, New York"
CL,Colgate-Palmolive Company,Colgate-Palmolive Company,Consumer Staples,Household Products,"New York City, New York"
CMCSA,Comcast Corporation,Comcast Corporation,Communication Services,Cable & Satellite,"Philadelphia, Pennsylvania"
CAG,"ConAgra Brands, Inc.","Conagra Brands, Inc.",Consumer Staples,Packaged Foods & Meats,"Chicago, Illinois"
COP,ConocoPhillips,ConocoPhillips,Energy,Oil & Gas Exploration & Production,"Houston, Texas"
ED,"Consolidated Edison, Inc.","Consolidated Edison, Inc.",Utilities,Multi-Utilities,"New York City, New York"
STZ,"Constellation Brands, Inc.","Constellation Brands, Inc.",Consumer Staples,Distillers & Vintners,"Rochester, New York"
CEG,Constellation Energy Corporatio,Constellation Energy Corporation,Utilities,Electric Utilities,"Baltimore, Maryland"
COO,"The Cooper Companies, Inc.","The Cooper Companies, Inc.",Health Care,Health Care Supplies,"San Ramon, California"
CPRT,"Copart, Inc.","Copart, Inc.",Industrials,Diversified Support Services,"Dallas, Texas"
GLW,Corning Incorporated,Corning Incorporated,Information Technology,Electronic Components,"Corning, New York"
CPAY,"Corpay, Inc.","Corpay, Inc.",Financials,Transaction & Payment Processing Services,"Atlanta, Georgia"
CTVA,"Corteva, Inc.","Corteva, Inc.",Materials,Fertilizers & Agricultural Chemicals,"Indianapolis, Indiana"
CSGP,"CoStar Group, Inc.","CoStar Group, Inc.",Real Estate,Real Estate Services,"Washington, D.C."
COST,Costco Wholesale Corporation,Costco Wholesale Corporation,Consumer Staples,Consumer Staples Merchandise Retail,"Issaquah, Washington"
CTRA,Coterra Energy Inc.,Coterra Energy Inc.,Energy,Oil & Gas Exploration & Production,"Houston, Texas"
CRWD,"CrowdStrike Holdings, Inc.","CrowdStrike Holdings, Inc.",Information Technology,Systems Software,"Austin, Texas"
CCI,Crown Castle Inc.,Crown Castle Inc.,Real Estate,Telecom Tower REITs,"Houston, Texas"
CSX,CSX Corporation,CSX Corporation,Industrials,Rail Transportation,"Jacksonville, Florida"
CMI,Cummins Inc.,Cummins Inc.,Industrials,Construction Machinery & Heavy Transportation Equipment,"Columbus, Indiana"
CVS,CVS Health Corporation,CVS Health Corporation,Health Care,Health Care Services,"Woonsocket, Rhode Island"
DHR,Danaher Corporation,Danaher Corporation,Health Care,Life Sciences Tools & Services,"Washington, D.C."
DRI,"Darden Restaurants, Inc.","Darden Restaurants, Inc.",Consumer Discretionary,Restaurants,"Orlando, Florida"
DDOG,"Datadog, Inc.","Datadog, Inc.",Information Technology,Application Software,"New York City, New York"
DVA,DaVita Inc.,DaVita Inc.,Health Care,Health Care Services,"Denver, Colorado"
DAY,"Dayforce, Inc.",Dayforce Inc,Industrials,Human Resource & Employment Services,"Minneapolis, Minnesota"
DECK,Deckers Outdoor Corporation,Deckers Outdoor Corporation,Consumer Discretionary,Footwear,"Goleta, California"
DE,Deere & Company,Deere & Company,Industrials,Agricultural & Farm Machinery,"Moline, Illinois"
DELL,Dell Technologies Inc.,Dell Technologies Inc.,Information Technology,"Technology Hardware, Storage & Peripherals","Round Rock, Texas"
DAL,"Delta Air Lines, Inc.","Delta Air Lines, Inc.",Industrials,Passenger Airlines,"Atlanta, Georgia"
DVN,Devon Energy Corporation,Devon Energy Corporation,Energy,Oil & Gas Exploration & Production,"Oklahoma City, Oklahoma"
DXCM,"DexCom, Inc.","DexCom, Inc.",Health Care,Health Care Equipment,"San Diego, California"
FANG,"Diamondback Energy, Inc.","Diamondback Energy, Inc.",Energy,Oil & Gas Exploration & Production,"Midland, Texas"
DLR,"Digital Realty Trust, Inc.","Digital Realty Trust, Inc.",Real Estate,Data Center REITs,"Austin, Texas"
DG,Dollar General Corporation,Dollar General Corporation,Consumer Staples,Consumer Staples Merchandise Retail,"Goodlettsville, Tennessee"
DLTR,"Dollar Tree, Inc.","Dollar Tree, Inc.",Consumer Staples,Consumer Staples Merchandise Retail,"Chesapeake, Virginia"
D,"Dominion Energy, Inc.","Dominion Energy, Inc.",Utilities,Multi-Utilities,"Richmond, Virginia"
DPZ,Domino's Pizza Inc,"Domino's Pizza, Inc.",Consumer Discretionary,Restaurants,"Ann Arbor, Michigan"
DASH,"DoorDash, Inc.","DoorDash, Inc.",Consumer Discretionary,Specialized Consumer Services,"San Francisco, California"
DOV,Dover Corporation,Dover Corporation,Industrials,Industrial Machinery & Supplies & Components,"Downers Grove, Illinois"
DOW,Dow Inc.,Dow Inc.,Materials,Commodity Chemicals,"Midland, Michigan"
DHI,"D.R. Horton, Inc.","D.R. Horton, Inc.",Consumer Discretionary,Homebuilding,"Arlington, Texas"
DTE,DTE Energy Company,DTE Energy Company,Utilities,Multi-Utilities,"Detroit, Michigan"
DUK,Duke Energy Corporation (Holdin,Duke Energy Corporation,Utilities,Electric Utilities,"Charlotte, North Carolina"
DD,"DuPont de Nemours, Inc.","DuPont de Nemours, Inc.",Materials,Specialty Chemicals,"Wilmington, Delaware"
EMN,Eastman Chemical Company,Eastman Chemical Company,Materials,Specialty Chemicals,"Kingsport, Tennessee"
ETN,"Eaton Corporation, PLC",Eaton Corporation plc,Industrials,Electrical Components & Equipment,"Dublin, Ireland"
EBAY,eBay Inc.,eBay Inc.,Consumer Discretionary,Broadline Retail,"San Jose, California"
ECL,Ecolab Inc.,Ecolab Inc.,Materials,Specialty Chemicals,"Saint Paul, Minnesota"
EIX,Edison International,Edison International,Utilities,Electric Utilities,"Rosemead, California"
EW,Edwards Lifesciences Corporatio,Edwards Lifesciences Corporation,Health Care,Health Care Equipment,"Irvine, California"
EA,Electronic Arts Inc.,Electronic Arts Inc.,Communication Services,Interactive Home Entertainment,"Redwood City, California"
ELV,"Elevance Health, Inc.","Elevance Health, Inc.",Health Care,Managed Health Care,"Indianapolis, Indiana"
EME,"EMCOR Group, Inc.","EMCOR Group, Inc.",Industrials,Construction & Engineering,"Norwalk, Connecticut"
EMR,Emerson Electric Company,Emerson Electric Co.,Industrials,Electrical Components & Equipment,"Ferguson, Missouri"
ETR,Entergy Corporation,Entergy Corporation,Utilities,Electric Utilities,"New Orleans, Louisiana"
EOG,"EOG Resources, Inc.","EOG Resources, Inc.",Energy,Oil & Gas Exploration & Production,"Houston, Texas"
EPAM,"EPAM Systems, Inc.","EPAM Systems, Inc.",Information Technology,IT Consulting & Other Services,"Newtown, Pennsylvania"
EQT,EQT Corporation,EQT Corporation,Energy,Oil & Gas Exploration & Production,"Pittsburgh, Pennsylvania"
EFX,"Equifax, Inc.",Equifax Inc.,Industrials,Research & Consulting Services,"Atlanta, Georgia"
EQIX,"Equinix, Inc.","Equinix, Inc.",Real Estate,Data Center REITs,"Redwood City, California"
EQR,Equity Residential,Equity Residential,Real Estate,Multi-Family Residential REITs,"Chicago, Illinois"
ERIE,Erie Indemnity Company,Erie Indemnity Company,Financials,Insurance Brokers,"Erie, Pennsylvania"
ESS,"Essex Property Trust, Inc.","Essex Property Trust, Inc.",Real Estate,Multi-Family Residential REITs,"San Mateo, California"
EL,"Estee Lauder Companies, Inc. (T",The Estée Lauder Companies Inc.,Consumer Staples,Personal Care Products,"New York City, New York"
EG,"Everest Group, Ltd.","Everest Group, Ltd.",Financials,Reinsurance,"Hamilton, Bermuda"
EVRG,"Evergy, Inc.","Evergy, Inc.",Utilities,Electric Utilities,"Kansas City, Missouri"
ES,Eversource Energy (D/B/A),Eversource Energy,Utilities,Electric Utilities,"Hartford, Connecticut"
EXC,Exelon Corporation,Exelon Corporation,Utilities,Electric Utilities,"Chicago, Illinois"
EXE,Expand Energy Corporation,Expand Energy Corporation,Energy,Oil & Gas Exploration & Production,"Oklahoma City, Oklahoma"
EXPE,"Expedia Group, Inc.","Expedia Group, Inc.",Consumer Discretionary,"Hotels, Resorts & Cruise Lines","Seattle, Washington"
EXPD,Expeditors International of Was,"Expeditors International of Washington, Inc.",Industrials,Air Freight & Logistics,"Seattle, Washington"
EXR,Extra Space Storage Inc,Extra Space Storage Inc.,Real Estate,Self-Storage REITs,"Salt Lake City, Utah"
XOM,Exxon Mobil Corporation,Exxon Mobil Corporation,Energy,Integrated Oil & Gas,"Irving, Texas"
FFIV,"F5, Inc.","F5, Inc.",Information Technology,Communications Equipment,"Seattle, Washington"
FDS,FactSet Research Systems Inc.,FactSet Research Systems Inc.,Financials,Financial Exchanges & Data,"Norwalk, Connecticut"
FICO,Fair Isaac Corporation,Fair Isaac Corporation,Information Technology,Application Software,"Bozeman, Montana"
FAST,Fastenal Company,Fastenal Company,Industrials,Trading Companies & Distributors,"Winona, Minnesota"
FRT,Federal Realty Investment Trust,Federal Realty Investment Trust,Real Estate,Retail REITs,"Rockville, Maryland"
FDX,FedEx Corporation,FedEx Corporation,Industrials,Air Freight & Logistics,"Memphis, Tennessee"
FIS,Fidelity National Information S,"Fidelity National Information Services, Inc.",Financials,Transaction & Payment Processing Services,"Jacksonville, Florida"
FITB,Fifth Third Bancorp,Fifth Third Bancorp,Financials,Regional Banks,"Cincinnati, Ohio"
FSLR,"First Solar, Inc.","First Solar, Inc.",Information Technology,Semiconductors,"Tempe, Arizona"
FE,FirstEnergy Corp.,FirstEnergy Corp.,Utilities,Electric Utilities,"Akron, Ohio"
FI,"Fiserv, Inc.","Fiserv, Inc.",Financials,Transaction & Payment Processing Services,"Brookfield, Wisconsin"
F,Ford Motor Company,Ford Motor Company,Consumer Discretionary,Automobile Manufacturers,"Dearborn, Michigan"
FTNT,"Fortinet, Inc.","Fortinet, Inc.",Information Technology,Systems Software,"Sunnyvale, California"
FTV,Fortive Corporation,Fortive Corporation,Industrials,Industrial Machinery & Supplies & Components,"Everett, Washington"
FOXA,Fox Corporation,Fox Corporation,Communication Services,Broadcasting,"New York City, New York"
FOX,Fox Corporation,Fox Corporation,Communication Services,Broadcasting,"New York City, New York"
BEN,"Franklin Resources, Inc.","Franklin Resources, Inc.",Financials,Asset Management & Custody Banks,"San Mateo, California"
FCX,"Freeport-McMoRan, Inc.",Freeport-McMoRan Inc.,Materials,Copper,"Phoenix, Arizona"
GRMN,Garmin Ltd.,Garmin Ltd.,Consumer Discretionary,Consumer Electronics,"Schaffhausen, Switzerland"
IT,"Gartner, Inc.","Gartner, Inc.",Information Technology,IT Consulting & Other Services,"Stamford, Connecticut"
GE,GE Aerospace,GE Aerospace,Industrials,Aerospace & Defense,"Evendale, Ohio"
GEHC,GE HealthCare Technologies Inc.,GE HealthCare Technologies Inc.,Health Care,Health Care Equipment,"Chicago, Illinois"
GEV,GE Vernova Inc.,GE Vernova Inc.,Industrials,Heavy Electrical Equipment,"Cambridge, Massachusetts"
GEN,Gen Digital Inc.,Gen Digital Inc.,Information Technology,Systems Software,"Tempe, Arizona"
GNRC,Generac Holdlings Inc.,Generac Holdings Inc.,Industrials,Electrical Components & Equipment,"Waukesha, Wisconsin"
GD,General Dynamics Corporation,General Dynamics Corporation,Industrials,Aerospace & Defense,"Reston, Virginia"
GIS,"General Mills, Inc.","General Mills, Inc.",Consumer Staples,Packaged Foods & Meats,"Golden Valley, Minnesota"
GM,General Motors Company,General Motors Company,Consumer Discretionary,Automobile Manufacturers,"Detroit, Michigan"
GPC,Genuine Parts Company,Genuine Parts Company,Consumer Discretionary,Distributors,"Atlanta, Georgia"
GILD,"Gilead Sciences, Inc.","Gilead Sciences, Inc.",Health Care,Biotechnology,"Foster City, California"
GPN,Global Payments Inc.,Global Payments Inc.,Financials,Transaction & Payment Processing Services,"Atlanta, Georgia"
GL,Globe Life Inc.,Globe Life Inc.,Financials,Life & Health Insurance,"McKinney, Texas"
GDDY,GoDaddy Inc.,GoDaddy Inc.,Information Technology,Internet Services & Infrastructure,"Tempe, Arizona"
GS,"Goldman Sachs Group, Inc. (The)","The Goldman Sachs Group, Inc.",Financials,Investment Banking & Brokerage,"New York City, New York"
HAL,Halliburton Company,Halliburton Company,Energy,Oil & Gas Equipment & Services,"Houston, Texas"
HIG,"The Hartford Insurance Group, I","The Hartford Insurance Group, Inc.",Financials,Property & Casualty Insurance,"Hartford, Connecticut"
HAS,"Hasbro, Inc.","Hasbro, Inc.",Consumer Discretionary,Leisure Products,"Pawtucket, Rhode Island"
HCA,"HCA Healthcare, Inc.","HCA Healthcare, Inc.",Health Care,Health Care Facilities,"Nashville, Tennessee"
DOC,"Healthpeak Properties, Inc.","Healthpeak Properties, Inc.",Real Estate,Health Care REITs,"Denver, Colorado"
HSIC,"Henry Schein, Inc.","Henry Schein, Inc.",Health Care,Health Care Distributors,"Melville, New York"
HSY,The Hershey Company,The Hershey Company,Consumer Staples,Packaged Foods & Meats,"Hershey, Pennsylvania"
HPE,Hewlett Packard Enterprise Comp,Hewlett Packard Enterprise Company,Information Technology,"Technology Hardware, Storage & Peripherals","Houston, Texas"
HLT,Hilton Worldwide Holdings Inc.,Hilton Worldwide Holdings Inc.,Consumer Discretionary,"Hotels, Resorts & Cruise Lines","Tysons Corner, Virginia"
HOLX,"Hologic, Inc.","Hologic, Inc.",Health Care,Health Care Equipment,"Marlborough, Massachusetts"
HD,"Home Depot, Inc. (The)","The Home Depot, Inc.",Consumer Discretionary,Home Improvement Retail,"Atlanta, Georgia"
HON,Honeywell International Inc.,Honeywell International Inc.,Industrials,Industrial Conglomerates,"Charlotte, North Carolina"
HRL,Hormel Foods Corporation,Hormel Foods Corporation,Consumer Staples,Packaged Foods & Meats,"Austin, Minnesota"
HST,"Host Hotels & Resorts, Inc.","Host Hotels & Resorts, Inc.",Real Estate,Hotel & Resort REITs,"Bethesda, Maryland"
HWM,Howmet Aerospace Inc.,Howmet Aerospace Inc.,Industrials,Aerospace & Defense,"Pittsburgh, Pennsylvania"
HPQ,HP Inc.,HP Inc.,Information Technology,"Technology Hardware, Storage & Peripherals","Palo Alto, California"
HUBB,Hubbell Inc,Hubbell Incorporated,Industrials,Industrial Machinery & Supplies & Components,"Shelton, Connecticut"
HUM,Humana Inc.,Humana Inc.,Health Care,Managed Health Care,"Louisville, Kentucky"
HBAN,Huntington Bancshares Incorpora,Huntington Bancshares Incorporated,Financials,Regional Banks,"Columbus, Ohio; Detroit, Michigan"
HII,"Huntington Ingalls Industries, ","Huntington Ingalls Industries, Inc.",Industrials,Aerospace & Defense,"Newport News, Virginia"
IBM,International Business Machines,International Business Machines Corporation,Information Technology,IT Consulting & Other Services,"Armonk, New York"
IEX,IDEX Corporation,IDEX Corporation,Industrials,Industrial Machinery & Supplies & Components,"Northbrook, Illinois"
IDXX,"IDEXX Laboratories, Inc.","IDEXX Laboratories, Inc.",Health Care,Health Care Equipment,"Westbrook, Maine"
ITW,Illinois Tool Works Inc.,Illinois Tool Works Inc.,Industrials,Industrial Machinery & Supplies & Components,"Glenview, Illinois"
INCY,Incyte Corporation,Incyte Corporation,Health Care,Biotechnology,"Wilmington, Delaware"
IR,Ingersoll Rand Inc.,Ingersoll Rand Inc.,Industrials,Industrial Machinery & Supplies & Components,"Davidson, North Carolina"
PODD,Insulet Corporation,Insulet Corporation,Health Care,Health Care Equipment,"Acton, Massachusetts"
INTC,Intel Corporation,Intel Corporation,Information Technology,Semiconductors,"Santa Clara, California"
IBKR,"Interactive Brokers Group, Inc.","Interactive Brokers Group, Inc.",Financials,Investment Banking & Brokerage,"Greenwich, Connecticut"
ICE,Intercontinental Exchange Inc.,"Intercontinental Exchange, Inc.",Financials,Financial Exchanges & Data,"Atlanta, Georgia"
IFF,International Flavors & Fragran,International Flavors & Fragrances Inc.,Materials,Specialty Chemicals,"New York City, New York"
IP,International Paper Company,International Paper Company,Materials,Paper & Plastic Packaging Products & Materials,"Memphis, Tennessee"
IPG,"Interpublic Group of Companies,","The Interpublic Group of Companies, Inc.",Communication Services,Advertising,"New York City, New York"
INTU,Intuit Inc.,Intuit Inc.,Information Technology,Application Software,"Mountain View, California"
ISRG,"Intuitive Surgical, Inc.","Intuitive Surgical, Inc.",Health Care,Health Care Equipment,"Sunnyvale, California"
IVZ,Invesco Ltd,Invesco Ltd.,Financials,Asset Management & Custody Banks,"Atlanta, Georgia"
INVH,Invitation Homes Inc.,Invitation Homes Inc.,Real Estate,Single-Family Residential REITs,"Dallas, Texas"
IQV,"IQVIA Holdings, Inc.",IQVIA Holdings Inc.,Health Care,Life Sciences Tools & Services,"Durham, North Carolina"
IRM,Iron Mountain Incorporated (Del,Iron Mountain Incorporated,Real Estate,Other Specialized REITs,"Portsmouth, New Hampshire"
JBHT,"J.B. Hunt Transport Services, I","J.B. Hunt Transport Services, Inc.",Industrials,Cargo Ground Transportation,"Lowell, Arkansas"
JBL,Jabil Inc.,Jabil Inc.,Information Technology,Electronic Manufacturing Services,"St. Petersburg, Florida"
JKHY,"Jack Henry & Associates, Inc.","Jack Henry & Associates, Inc.",Financials,Transaction & Payment Processing Services,"Monett, Missouri"
J,Jacobs Solutions Inc.,Jacobs Solutions Inc.,Industrials,Construction & Engineering,"Dallas, Texas"
JNJ,Johnson & Johnson,Johnson & Johnson,Health Care,Pharmaceuticals,"New Brunswick, New Jersey"
JCI,Johnson Controls International ,Johnson Controls International plc,Industrials,Building Products,"Cork, Ireland"
JPM,JP Morgan Chase & Co.,JPMorgan Chase & Co.,Financials,Diversified Banks,"New York City, New York"
K,Kellanova,Kellanova,Consumer Staples,Packaged Foods & Meats,"Chicago, Illinois"
KVUE,Kenvue Inc.,Kenvue Inc.,Consumer Staples,Personal Care Products,"Skillman, New Jersey"
KDP,Keurig Dr Pepper Inc.,Keurig Dr Pepper Inc.,Consumer Staples,Soft Drinks & Non-alcoholic Beverages,"Burlington, Massachusetts"
KEY,KeyCorp,KeyCorp,Financials,Regional Banks,"Cleveland, Ohio"
KEYS,Keysight Technologies Inc.,"Keysight Technologies, Inc.",Information Technology,Electronic Equipment & Instruments,"Santa Rosa, California"
KMB,Kimberly-Clark Corporation,Kimberly-Clark Corporation,Consumer Staples,Household Products,"Irving, Texas"
KIM,Kimco Realty Corporation (HC),Kimco Realty Corporation,Real Estate,Retail REITs,"Jericho, New York"
KMI,"Kinder Morgan, Inc.","Kinder Morgan, Inc.",Energy,Oil & Gas Storage & Transportation,"Houston, Texas"
KKR,KKR & Co. Inc.,KKR & Co. Inc.,Financials,Asset Management & Custody Banks,"New York City, New York"
KLAC,KLA Corporation,KLA Corporation,Information Technology,Semiconductor Materials & Equipment,"Milpitas, California"
KHC,The Kraft Heinz Company,The Kraft Heinz Company,Consumer Staples,Packaged Foods & Meats,"Chicago, Illinois; Pittsburgh, Pennsylvania"
KR,Kroger Company (The),The Kroger Co.,Consumer Staples,Food Retail,"Cincinnati, Ohio"
LHX,"L3Harris Technologies, Inc.","L3Harris Technologies, Inc.",Industrials,Aerospace & Defense,"Melbourne, Florida"
LH,Labcorp Holdings Inc.,Labcorp Holdings Inc.,Health Care,Health Care Services,"Burlington, North Carolina"
LRCX,Lam Research Corporation,Lam Research Corporation,Information Technology,Semiconductor Materials & Equipment,"Fremont, California"
LW,"Lamb Weston Holdings, Inc.","Lamb Weston Holdings, Inc.",Consumer Staples,Packaged Foods & Meats,"Eagle, Idaho"
LVS,Las Vegas Sands Corp.,Las Vegas Sands Corp.,Consumer Discretionary,Casinos & Gaming,"Las Vegas, Nevada"
LDOS,"Leidos Holdings, Inc.","Leidos Holdings, Inc.",Industrials,Diversified Support Services,"Reston, Virginia"
LEN,Lennar Corporation,Lennar Corporation,Consumer Discretionary,Homebuilding,"Miami, Florida"
LII,"Lennox International, Inc.",Lennox International Inc.,Industrials,Building Products,"Richardson, Texas"
LLY,Eli Lilly and Company,Eli Lilly and Company,Health Care,Pharmaceuticals,"Indianapolis, Indiana"
LIN,Linde plc,Linde plc,Materials,Industrial Gases,"Guildford, United Kingdom"
LYV,"Live Nation Entertainment, Inc.","Live Nation Entertainment, Inc.",Communication Services,Movies & Entertainment,"Beverly Hills, California"
LKQ,LKQ Corporation,LKQ Corporation,Consumer Discretionary,Distributors,"Nashville, Tennessee"
LMT,Lockheed Martin Corporation,Lockheed Martin Corporation,Industrials,Aerospace & Defense,"Bethesda, Maryland"
L,Loews Corporation,Loews Corporation,Financials,Multi-line Insurance,"New York City, New York"
LOW,"Lowe's Companies, Inc.","Lowe's Companies, Inc.",Consumer Discretionary,Home Improvement Retail,"Mooresville, North Carolina"
LULU,lululemon athletica inc.,lululemon athletica inc.,Consumer Discretionary,"Apparel, Accessories & Luxury Goods","Vancouver, Canada"
LYB,LyondellBasell Industries NV,LyondellBasell Industries N.V.,Materials,Specialty Chemicals,"Rotterdam, Netherlands"
MTB,M&T Bank Corporation,M&T Bank Corporation,Financials,Regional Banks,"Buffalo, New York"
MPC,Marathon Petroleum Corporation,Marathon Petroleum Corporation,Energy,Oil & Gas Refining & Marketing,"Findlay, Ohio"
MAR,Marriott International,"Marriott International, Inc.",Consumer Discretionary,"Hotels, Resorts & Cruise Lines","Bethesda, Maryland"
MMC,"Marsh & McLennan Companies, Inc","Marsh & McLennan Companies, Inc.",Financials,Insurance Brokers,"New York City, New York"
MLM,"Martin Marietta Materials, Inc.","Martin Marietta Materials, Inc.",Materials,Construction Materials,"Raleigh, North Carolina"
MAS,Masco Corporation,Masco Corporation,Industrials,Building Products,"Livonia, Michigan"
MA,Mastercard Incorporated,Mastercard Incorporated,Financials,Transaction & Payment Processing Services,"Harrison, New York"
MTCH,"Match Group, Inc.","Match Group, Inc.",Communication Services,Interactive Media & Services,"Dallas, Texas"
MKC,"McCormick & Company, Incorporat","McCormick & Company, Incorporated",Consumer Staples,Packaged Foods & Meats,"Hunt Valley, Maryland"
MCD,McDonald's Corporation,McDonald's Corporation,Consumer Discretionary,Restaurants,"Chicago, Illinois"
MCK,McKesson Corporation,McKesson Corporation,Health Care,Health Care Distributors,"Irving, Texas"
MDT,Medtronic plc.,Medtronic plc,Health Care,Health Care Equipment,"Dublin, Ireland"
MRK,"Merck & Company, Inc.","Merck & Co., Inc.",Health Care,Pharmaceuticals,"Kenilworth, New Jersey"
META,"Meta Platforms, Inc.","Meta Platforms, Inc.",Communication Services,Interactive Media & Services,"Menlo Park, California"
MET,"MetLife, Inc.","MetLife, Inc.",Financials,Life & Health Insurance,"New York City, New York"
MTD,"Mettler-Toledo International, I",Mettler-Toledo International Inc.,Health Care,Life Sciences Tools & Services,"Columbus, Ohio"
MGM,MGM Resorts International,MGM Resorts International,Consumer Discretionary,Casinos & Gaming,"Paradise, Nevada"
MCHP,Microchip Technology Incorporat,Microchip Technology Incorporated,Information Technology,Semiconductors,"Chandler, Arizona"
MU,"Micron Technology, Inc.","Micron Technology, Inc.",Information Technology,Semiconductors,"Boise, Idaho"
MSFT,Microsoft Corporation,Microsoft Corporation,Information Technology,Systems Software,"Redmond, Washington"
MAA,Mid-America Apartment Communiti,"Mid-America Apartment Communities, Inc.",Real Estate,Multi-Family Residential REITs,"Memphis, Tennessee"
MRNA,"Moderna, Inc.","Moderna, Inc.",Health Care,Biotechnology,"Cambridge, Massachusetts"
MHK,"Mohawk Industries, Inc.","Mohawk Industries, Inc.",Consumer Discretionary,Home Furnishings,"Calhoun, Georgia"
MOH,Molina Healthcare Inc,"Molina Healthcare, Inc.",Health Care,Managed Health Care,"Long Beach, California"
TAP,Molson Coors Beverage Company,Molson Coors Beverage Company,Consumer Staples,Brewers,"Chicago, Illinois"
MDLZ,"Mondelez International, Inc.","Mondelez International, Inc.",Consumer Staples,Packaged Foods & Meats,"Chicago, Illinois"
MPWR,"Monolithic Power Systems, Inc.","Monolithic Power Systems, Inc.",Information Technology,Semiconductors,"Kirkland, Washington"
MNST,Monster Beverage Corporation,Monster Beverage Corporation,Consumer Staples,Soft Drinks & Non-alcoholic Beverages,"Corona, California"
MCO,Moody's Corporation,Moody's Corporation,Financials,Financial Exchanges & Data,"New York City, New York"
MS,Morgan Stanley,Morgan Stanley,Financials,Investment Banking & Brokerage,"New York City, New York"
MOS,Mosaic Company (The),The Mosaic Company,Materials,Fertilizers & Agricultural Chemicals,"Tampa, Florida"
MSI,"Motorola Solutions, Inc.","Motorola Solutions, Inc.",Information Technology,Communications Equipment,"Chicago, Illinois"
MSCI,MSCI Inc.,MSCI Inc.,Financials,Financial Exchanges & Data,"New York City, New York"
NDAQ,"Nasdaq, Inc.","Nasdaq, Inc.",Financials,Financial Exchanges & Data,"New York City, New York"
NTAP,"NetApp, Inc.","NetApp, Inc.",Information Technology,"Technology Hardware, Storage & Peripherals","San Jose, California"
NFLX,"Netflix, Inc.","Netflix, Inc.",Communication Services,Movies & Entertainment,"Los Gatos, California"
NEM,Newmont Corporation,Newmont Corporation,Materials,Gold,"Denver, Colorado"
NWSA,News Corporation,News Corporation,Communication Services,Publishing,"New York City, New York"
NWS,News Corporation,News Corporation,Communication Services,Publishing,"New York City, New York"
NEE,"NextEra Energy, Inc.","NextEra Energy, Inc.",Utilities,Multi-Utilities,"Juno Beach, Florida"
NKE,"Nike, Inc.","NIKE, Inc.",Consumer Discretionary,"Apparel, Accessories & Luxury Goods","Washington County, Oregon"
NI,NiSource Inc,NiSource Inc.,Utilities,Multi-Utilities,"Merrillville, Indiana"
NDSN,Nordson Corporation,Nordson Corporation,Industrials,Industrial Machinery & Supplies & Components,"Westlake, Ohio"
NSC,Norfolk Southern Corporation,Norfolk Southern Corporation,Industrials,Rail Transportation,"Atlanta, Georgia"
NTRS,Northern Trust Corporation,Northern Trust Corporation,Financials,Asset Management & Custody Banks,"Chicago, Illinois"
NOC,Northrop Grumman Corporation,Northrop Grumman Corporation,Industrials,Aerospace & Defense,"West Falls Church, Virginia[3]"
NCLH,Norwegian Cruise Line Holdings ,Norwegian Cruise Line Holdings Ltd.,Consumer Discretionary,"Hotels, Resorts & Cruise Lines","Miami-Dade County, Florida[4]"
NRG,"NRG Energy, Inc.","NRG Energy, Inc.",Utilities,Independent Power Producers & Energy Traders,"Houston, Texas"
NUE,Nucor Corporation,Nucor Corporation,Materials,Steel,"Charlotte, North Carolina"
NVDA,NVIDIA Corporation,NVIDIA Corporation,Information Technology,Semiconductors,"Santa Clara, California"
NVR,"NVR, Inc.","NVR, Inc.",Consumer Discretionary,Homebuilding,"Reston, Virginia"
NXPI,NXP Semiconductors N.V.,NXP Semiconductors N.V.,Information Technology,Semiconductors,"Eindhoven, Netherlands"
ORLY,"O'Reilly Automotive, Inc.","O'Reilly Automotive, Inc.",Consumer Discretionary,Automotive Retail,"Springfield, Missouri"
OXY,Occidental Petroleum Corporatio,Occidental Petroleum Corporation,Energy,Oil & Gas Exploration & Production,"Houston, Texas"
ODFL,"Old Dominion Freight Line, Inc.","Old Dominion Freight Line, Inc.",Industrials,Cargo Ground Transportation,"Thomasville, North Carolina"
OMC,Omnicom Group Inc.,Omnicom Group Inc.,Communication Services,Advertising,"New York City, New York"
ON,ON Semiconductor Corporation,ON Semiconductor Corporation,Information Technology,Semiconductors,"Phoenix, Arizona"
OKE,"ONEOK, Inc.","ONEOK, Inc.",Energy,Oil & Gas Storage & Transportation,"Tulsa, Oklahoma"
ORCL,Oracle Corporation,Oracle Corporation,Information Technology,Application Software,"Austin, Texas"
OTIS,Otis Worldwide Corporation,Otis Worldwide Corporation,Industrials,Industrial Machinery & Supplies & Components,"Farmington, Connecticut"
PCAR,PACCAR Inc.,PACCAR Inc,Industrials,Construction Machinery & Heavy Transportation Equipment,"Bellevue, Washington"
PKG,Packaging Corporation of Americ,Packaging Corporation of America,Materials,Paper & Plastic Packaging Products & Materials,"Lake Forest, Illinois"
PLTR,Palantir Technologies Inc.,Palantir Technologies Inc.,Information Technology,Application Software,"Denver, Colorado"
PANW,"Palo Alto Networks, Inc.","Palo Alto Networks, Inc.",Information Technology,Systems Software,"Santa Clara, California"
PSKY,Paramount Skydance Corporation,Paramount Skydance Corporation,Communication Services,Movies & Entertainment,"Los Angeles, California"
PH,Parker-Hannifin Corporation,Parker-Hannifin Corporation,Industrials,Industrial Machinery & Supplies & Components,"Cleveland, Ohio"
PAYX,"Paychex, Inc.","Paychex, Inc.",Industrials,Human Resource & Employment Services,"Penfield, New York"
PAYC,"Paycom Software, Inc.","Paycom Software, Inc.",Industrials,Human Resource & Employment Services,"Oklahoma City, Oklahoma"
PYPL,"PayPal Holdings, Inc.","PayPal Holdings, Inc.",Financials,Transaction & Payment Processing Services,"San Jose, California"
PNR,Pentair plc.,Pentair plc,Industrials,Industrial Machinery & Supplies & Components,"Worsley, United Kingdom"
PEP,"Pepsico, Inc.","PepsiCo, Inc.",Consumer Staples,Soft Drinks & Non-alcoholic Beverages,"Purchase, New York"
PFE,"Pfizer, Inc.",Pfizer Inc.,Health Care,Pharmaceuticals,"New York City, New York"
PCG,Pacific Gas & Electric Co.,PG&E Corporation,Utilities,Multi-Utilities,"Oakland, California"
PM,Philip Morris International Inc,Philip Morris International Inc.,Consumer Staples,Tobacco,"New York City, New York"
PSX,Phillips 66,Phillips 66,Energy,Oil & Gas Refining & Marketing,"Houston, Texas"
PNW,Pinnacle West Capital Corporati,Pinnacle West Capital Corporation,Utilities,Multi-Utilities,"Phoenix, Arizona"
PNC,"PNC Financial Services Group, I","The PNC Financial Services Group, Inc.",Financials,Diversified Banks,"Pittsburgh, Pennsylvania"
POOL,Pool Corporation,Pool Corporation,Consumer Discretionary,Distributors,"Covington, Louisiana"
PPG,"PPG Industries, Inc.","PPG Industries, Inc.",Materials,Specialty Chemicals,"Pittsburgh, Pennsylvania"
PPL,PPL Corporation,PPL Corporation,Utilities,Electric Utilities,"Allentown, Pennsylvania"
PFG,Principal Financial Group Inc,"Principal Financial Group, Inc.",Financials,Life & Health Insurance,"Des Moines, Iowa"
PG,Procter & Gamble Company (The),The Procter & Gamble Company,Consumer Staples,Personal Care Products,"Cincinnati, Ohio"
PGR,Progressive Corporation (The),The Progressive Corporation,Financials,Property & Casualty Insurance,"Mayfield Village, Ohio"
PLD,"Prologis, Inc.","Prologis, Inc.",Real Estate,Industrial REITs,"San Francisco, California"
PRU,"Prudential Financial, Inc.","Prudential Financial, Inc.",Financials,Life & Health Insurance,"Newark, New Jersey"
PEG,Public Service Enterprise Group,Public Service Enterprise Group Incorporated,Utilities,Electric Utilities,"Newark, New Jersey"
PTC,PTC Inc.,PTC Inc.,Information Technology,Application Software,"Boston, Massachusetts"
PSA,Public Storage,Public Storage,Real Estate,Self-Storage REITs,"Glendale, California"
PHM,"PulteGroup, Inc.","PulteGroup, Inc.",Consumer Discretionary,Homebuilding,"Atlanta, Georgia"
PWR,"Quanta Services, Inc.","Quanta Services, Inc.",Industrials,Construction & Engineering,"Houston, Texas"
QCOM,QUALCOMM Incorporated,QUALCOMM Incorporated,Information Technology,Semiconductors,"San Diego, California"
DGX,Quest Diagnostics Incorporated,Quest Diagnostics Incorporated,Health Care,Health Care Services,"Secaucus, New Jersey"
RL,Ralph Lauren Corporation,Ralph Lauren Corporation,Consumer Discretionary,"Apparel, Accessories & Luxury Goods","New York City, New York"
RJF,"Raymond James Financial, Inc.","Raymond James Financial, Inc.",Financials,Investment Banking & Brokerage,"St. Petersburg, Florida"
RTX,RTX Corporation,RTX Corporation,Industrials,Aerospace & Defense,"Waltham, Massachusetts"
O,Realty Income Corporation,Realty Income Corporation,Real Estate,Retail REITs,"San Diego, California"
REG,Regency Centers Corporation,Regency Centers Corporation,Real Estate,Retail REITs,"Jacksonville, Florida"
REGN,"Regeneron Pharmaceuticals, Inc.","Regeneron Pharmaceuticals, Inc.",Health Care,Biotechnology,"Tarrytown, New York"
RF,Regions Financial Corporation,Regions Financial Corporation,Financials,Regional Banks,"Birmingham, Alabama"
RSG,"Republic Services, Inc.","Republic Services, Inc.",Industrials,Environmental & Facilities Services,"Phoenix, Arizona"
RMD,ResMed Inc.,ResMed Inc.,Health Care,Health Care Equipment,"San Diego, California"
RVTY,"Revvity, Inc.","Revvity, Inc.",Health Care,Health Care Equipment,"Waltham, Massachusetts"
HOOD,"Robinhood Markets, Inc.","Robinhood Markets, Inc.",Financials,Investment Banking & Brokerage,"Menlo Park, California"
ROK,"Rockwell Automation, Inc.","Rockwell Automation, Inc.",Industrials,Electrical Components & Equipment,"Milwaukee, Wisconsin"
ROL,"Rollins, Inc.","Rollins, Inc.",Industrials,Environmental & Facilities Services,"Atlanta, Georgia"
ROP,"Roper Technologies, Inc.","Roper Technologies, Inc.",Information Technology,Electronic Equipment & Instruments,"Sarasota, Florida"
ROST,"Ross Stores, Inc.","Ross Stores, Inc.",Consumer Discretionary,Apparel Retail,"Dublin, California"
RCL,Royal Caribbean Cruises Ltd.,Royal Caribbean Cruises Ltd.,Consumer Discretionary,"Hotels, Resorts & Cruise Lines","Miami, Florida"
SPGI,S&P Global Inc.,S&P Global Inc.,Financials,Financial Exchanges & Data,"New York City, New York"
CRM,"Salesforce, Inc.","Salesforce, Inc.",Information Technology,Application Software,"San Francisco, California"
SBAC,SBA Communications Corporation,SBA Communications Corporation,Real Estate,Telecom Tower REITs,"Boca Raton, Florida"
SLB,SLB Limited,SLB N.V.,Energy,Oil & Gas Equipment & Services,"Houston, Texas"
STX,Seagate Technology Holdings PLC,Seagate Technology Holdings plc,Information Technology,"Technology Hardware, Storage & Peripherals","Dublin, Ireland"
SRE,DBA Sempra,Sempra,Utilities,Multi-Utilities,"San Diego, California"
NOW,"ServiceNow, Inc.","ServiceNow, Inc.",Information Technology,Systems Software,"Santa Clara, California"
SHW,Sherwin-Williams Company (The),The Sherwin-Williams Company,Materials,Specialty Chemicals,"Cleveland, Ohio"
SPG,"Simon Property Group, Inc.","Simon Property Group, Inc.",Real Estate,Retail REITs,"Indianapolis, Indiana"
SWKS,"Skyworks Solutions, Inc.","Skyworks Solutions, Inc.",Information Technology,Semiconductors,"Irvine, California"
SJM,The J.M. Smucker Company,The J. M. Smucker Company,Consumer Staples,Packaged Foods & Meats,"Orrville, Ohio"
SW,Smurfit WestRock plc,Smurfit Westrock Plc,Materials,Paper & Plastic Packaging Products & Materials,"Dublin, Ireland"
SNA,Snap-On Incorporated,Snap-on Incorporated,Industrials,Industrial Machinery & Supplies & Components,"Kenosha, Wisconsin"
SOLV,Solventum Corporation,Solventum Corporation,Health Care,Health Care Technology,"Saint Paul, Minnesota"
SO,Southern Company (The),The Southern Company,Utilities,Electric Utilities,"Atlanta, Georgia"
LUV,Southwest Airlines Company,Southwest Airlines Co.,Industrials,Passenger Airlines,"Dallas, Texas"
SWK,"Stanley Black & Decker, Inc.","Stanley Black & Decker, Inc.",Industrials,Industrial Machinery & Supplies & Components,"New Britain, Connecticut"
SBUX,Starbucks Corporation,Starbucks Corporation,Consumer Discretionary,Restaurants,"Seattle, Washington"
STT,State Street Corporation,State Street Corporation,Financials,Asset Management & Custody Banks,"Boston, Massachusetts"
STLD,"Steel Dynamics, Inc.","Steel Dynamics, Inc.",Materials,Steel,"Fort Wayne, Indiana"
STE,STERIS plc (Ireland),STERIS plc,Health Care,Health Care Equipment,"Dublin, Ireland"
SYK,Stryker Corporation,Stryker Corporation,Health Care,Health Care Equipment,"Kalamazoo, Michigan"
SMCI,"Super Micro Computer, Inc.","Super Micro Computer, Inc.",Information Technology,"Technology Hardware, Storage & Peripherals","San Jose, California"
SYF,Synchrony Financial,Synchrony Financial,Financials,Consumer Finance,"Stamford, Connecticut"
SNPS,"Synopsys, Inc.","Synopsys, Inc.",Information Technology,Application Software,"Sunnyvale, California"
SYY,Sysco Corporation,Sysco Corporation,Consumer Staples,Food Distributors,"Houston, Texas"
TMUS,"T-Mobile US, Inc.","T-Mobile US, Inc.",Communication Services,Wireless Telecommunication Services,"Bellevue, Washington"
TROW,"T. Rowe Price Group, Inc.","T. Rowe Price Group, Inc.",Financials,Asset Management & Custody Banks,"Baltimore, Maryland"
TTWO,"Take-Two Interactive Software, ","Take-Two Interactive Software, Inc.",Communication Services,Interactive Home Entertainment,"New York City, New York"
TPR,"Tapestry, Inc.","Tapestry, Inc.",Consumer Discretionary,"Apparel, Accessories & Luxury Goods","New York City, New York"
TRGP,"Targa Resources, Inc.",Targa Resources Corp.,Energy,Oil & Gas Storage & Transportation,"Houston, Texas"
TGT,Target Corporation,Target Corporation,Consumer Staples,Consumer Staples Merchandise Retail,"Minneapolis, Minnesota"
TEL,TE Connectivity plc,TE Connectivity plc,Information Technology,Electronic Manufacturing Services,"Galway, Ireland"
TDY,Teledyne Technologies Incorpora,Teledyne Technologies Incorporated,Information Technology,Electronic Equipment & Instruments,"Thousand Oaks, California"
TER,"Teradyne, Inc.","Teradyne, Inc.",Information Technology,Semiconductor Materials & Equipment,"North Reading, Massachusetts"
TSLA,"Tesla, Inc.","Tesla, Inc.",Consumer Discretionary,Automobile Manufacturers,"Austin, Texas"
TXN,Texas Instruments Incorporated,Texas Instruments Incorporated,Information Technology,Semiconductors,"Dallas, Texas"
TPL,Texas Pacific Land Corporation,Texas Pacific Land Corporation,Energy,Oil & Gas Exploration & Production,"Dallas, Texas"
TXT,Textron Inc.,Textron Inc.,Industrials,Aerospace & Defense,"Providence, Rhode Island"
TMO,Thermo Fisher Scientific Inc,Thermo Fisher Scientific Inc.,Health Care,Life Sciences Tools & Services,"Waltham, Massachusetts"
TJX,"TJX Companies, Inc. (The)","The TJX Companies, Inc.",Consumer Discretionary,Apparel Retail,"Framingham, Massachusetts"
TKO,"TKO Group Holdings, Inc.","TKO Group Holdings, Inc.",Communication Services,Movies & Entertainment,"New York City, New York"
TTD,"The Trade Desk, Inc.","The Trade Desk, Inc.",Communication Services,Advertising,"Ventura, California"
TSCO,Tractor Supply Company,Tractor Supply Company,Consumer Discretionary,Other Specialty Retail,"Brentwood, Tennessee"
TT,Trane Technologies plc,Trane Technologies plc,Industrials,Building Products,"Dublin, Ireland"
TDG,Transdigm Group Incorporated,TransDigm Group Incorporated,Industrials,Aerospace & Defense,"Cleveland, Ohio"
TRV,"The Travelers Companies, Inc.","The Travelers Companies, Inc.",Financials,Property & Casualty Insurance,"New York City, New York"
TRMB,Trimble Inc.,Trimble Inc.,Information Technology,Electronic Equipment & Instruments,"Westminster, Colorado"
TFC,Truist Financial Corporation,Truist Financial Corporation,Financials,Diversified Banks,"Charlotte, North Carolina"
TYL,"Tyler Technologies, Inc.","Tyler Technologies, Inc.",Information Technology,Application Software,"Plano, Texas"
TSN,"Tyson Foods, Inc.","Tyson Foods, Inc.",Consumer Staples,Packaged Foods & Meats,"Springdale, Arkansas"
USB,U.S. Bancorp,U.S. Bancorp,Financials,Diversified Banks,"Minneapolis, Minnesota"
UBER,"Uber Technologies, Inc.","Uber Technologies, Inc.",Industrials,Passenger Ground Transportation,"San Francisco, California"
UDR,"UDR, Inc.","UDR, Inc.",Real Estate,Multi-Family Residential REITs,"Highlands Ranch, Colorado"
ULTA,"Ulta Beauty, Inc.","Ulta Beauty, Inc.",Consumer Discretionary,Other Specialty Retail,"Bolingbrook, Illinois"
UNP,Union Pacific Corporation,Union Pacific Corporation,Industrials,Rail Transportation,"Omaha, Nebraska"
UAL,"United Airlines Holdings, Inc.","United Airlines Holdings, Inc.",Industrials,Passenger Airlines,"Chicago, Illinois"
UPS,"United Parcel Service, Inc.","United Parcel Service, Inc.",Industrials,Air Freight & Logistics,"Sandy Springs, Georgia"
URI,"United Rentals, Inc.","United Rentals, Inc.",Industrials,Trading Companies & Distributors,"Stamford, Connecticut"
UNH,UnitedHealth Group Incorporated,UnitedHealth Group Incorporated,Health Care,Managed Health Care,"Eden Prairie, Minnesota"
UHS,"Universal Health Services, Inc.","Universal Health Services, Inc.",Health Care,Health Care Facilities,"King of Prussia, Pennsylvania"
VLO,Valero Energy Corporation,Valero Energy Corporation,Energy,Oil & Gas Refining & Marketing,"San Antonio, Texas"
VTR,"Ventas, Inc.","Ventas, Inc.",Real Estate,Health Care REITs,"Chicago, Illinois"
VLTO,Veralto Corp,Veralto Corporation,Industrials,Environmental & Facilities Services,"Waltham, Massachusetts"
VRSN,"VeriSign, Inc.","VeriSign, Inc.",Information Technology,Internet Services & Infrastructure,"Reston, Virginia"
VRSK,"Verisk Analytics, Inc.","Verisk Analytics, Inc.",Industrials,Research & Consulting Services,"Jersey City, New Jersey"
VZ,Verizon Communications Inc.,Verizon Communications Inc.,Communication Services,Integrated Telecommunication Services,"New York City, New York"
VRTX,Vertex Pharmaceuticals Incorpor,Vertex Pharmaceuticals Incorporated,Health Care,Biotechnology,"Boston, Massachusetts"
VTRS,Viatris Inc.,Viatris Inc.,Health Care,Pharmaceuticals,"Pittsburgh, Pennsylvania"
VICI,VICI Properties Inc.,VICI Properties Inc.,Real Estate,Hotel & Resort REITs,"New York City, New York"
V,Visa Inc.,Visa Inc.,Financials,Transaction & Payment Processing Services,"San Francisco, California"
VST,Vistra Corp.,Vistra Corp.,Utilities,Electric Utilities,"Irving, Texas"
VMC,Vulcan Materials Company (Holdi,Vulcan Materials Company,Materials,Construction Materials,"Birmingham, Alabama"
WRB,W.R. Berkley Corporation,W. R. Berkley Corporation,Financials,Property & Casualty Insurance,"Greenwich, Connecticut"
GWW,"W.W. Grainger, Inc.","W.W. Grainger, Inc.",Industrials,Industrial Machinery & Supplies & Components,"Lake Forest, Illinois"
WAB,Westinghouse Air Brake Technolo,Westinghouse Air Brake Technologies Corporation,Industrials,Construction Machinery & Heavy Transportation Equipment,"Pittsburgh, Pennsylvania"
WMT,Walmart Inc.,Walmart Inc.,Consumer Staples,Consumer Staples Merchandise Retail,"Bentonville, Arkansas"
DIS,Walt Disney Company (The),The Walt Disney Company,Communication Services,Movies & Entertainment,"Burbank, California"
WBD,"Warner Bros. Discovery, Inc. - ","Warner Bros. Discovery, Inc.",Communication Services,Broadcasting,"New York City, New York"
WM,"Waste Management, Inc.","Waste Management, Inc.",Industrials,Environmental & Facilities Services,"Houston, Texas"
WAT,Waters Corporation,Waters Corporation,Health Care,Life Sciences Tools & Services,"Milford, Massachusetts"
WEC,"WEC Energy Group, Inc.","WEC Energy Group, Inc.",Utilities,Electric Utilities,"Milwaukee, Wisconsin"
WFC,Wells Fargo & Company,Wells Fargo & Company,Financials,Diversified Banks,"San Francisco, California"
WELL,Welltower Inc.,Welltower Inc.,Real Estate,Health Care REITs,"Toledo, Ohio"
WST,"West Pharmaceutical Services, I","West Pharmaceutical Services, Inc.",Health Care,Health Care Supplies,"Exton, Pennsylvania"
WDC,Western Digital Corporation,Western Digital Corporation,Information Technology,"Technology Hardware, Storage & Peripherals","San Jose, California"
WY,Weyerhaeuser Company,Weyerhaeuser Company,Real Estate,Timber REITs,"Seattle, Washington"
WSM,"Williams-Sonoma, Inc.","Williams-Sonoma, Inc.",Consumer Discretionary,Homefurnishing Retail,"San Francisco, California"
WMB,"Williams Companies, Inc. (The)","The Williams Companies, Inc.",Energy,Oil & Gas Storage & Transportation,"Tulsa, Oklahoma"
WTW,Willis Towers Watson Public Lim,Willis Towers Watson Public Limited Company,Financials,Insurance Brokers,"London, United Kingdom"
WDAY,"Workday, Inc.","Workday, Inc.",Information Technology,Application Software,"Pleasanton, California"
WYNN,"Wynn Resorts, Limited","Wynn Resorts, Limited",Consumer Discretionary,Casinos & Gaming,"Paradise, Nevada"
XEL,Xcel Energy Inc.,Xcel Energy Inc.,Utilities,Multi-Utilities,"Minneapolis, Minnesota"
XYL,Xylem Inc.,Xylem Inc.,Industrials,Industrial Machinery & Supplies & Components,"White Plains, New York"
YUM,"Yum! Brands, Inc.","Yum! Brands, Inc.",Consumer Discretionary,Restaurants,"Louisville, Kentucky"
ZBRA,Zebra Technologies Corporation,Zebra Technologies Corporation,Information Technology,Electronic Equipment & Instruments,"Lincolnshire, Illinois"
ZBH,"Zimmer Biomet Holdings, Inc.","Zimmer Biomet Holdings, Inc.",Health Care,Health Care Equipment,"Warsaw, Indiana"
ZTS,Zoetis Inc.,Zoetis Inc.,Health Care,Pharmaceuticals,"Parsippany, New Jersey"
