symbol,Short Name,Long Name,GICS Sector,GICS Sub-Industry,Headquarters Location
AAMI,Acadian Asset Management Inc.,Acadian Asset Management Inc.,Financials,Asset Management & Custody Banks,"Boston, Massachusetts"
AAP,Advance Auto Parts Inc.,"Advance Auto Parts, Inc.",Consumer Discretionary,Automotive Retail,"Raleigh, North Carolina"
AAT,"American Assets Trust, Inc.","American Assets Trust, Inc.",Real Estate,Diversified REITs,"San Diego, California"
ABCB,Ameris Bancorp,Ameris Bancorp,Financials,Regional Banks,"Atlanta, Georgia"
ABG,Asbury Automotive Group Inc,"Asbury Automotive Group, Inc.",Consumer Discretionary,Automotive Retail,"Duluth, Georgia"
ABM,ABM Industries Incorporated,ABM Industries Incorporated,Industrials,Environmental & Facilities Services,"New York City, New York"
ABR,Arbor Realty Trust,"Arbor Realty Trust, Inc.",Financials,Mortgage REITs,"Uniondale, New York"
ACA,"Arcosa, Inc.","Arcosa, Inc.",Industrials,Construction & Engineering,"Dallas, Texas"
ACAD,ACADIA Pharmaceuticals Inc.,ACADIA Pharmaceuticals Inc.,Health Care,Pharmaceuticals,"San Diego, California"
ACHC,"Acadia Healthcare Company, Inc.","Acadia Healthcare Company, Inc.",Health Care,Health Care Facilities,"Franklin, Tennessee"
ACIW,"ACI Worldwide, Inc.","ACI Worldwide, Inc.",Information Technology,Application Software,"Miami, Florida"
ACLS,"Axcelis Technologies, Inc.","Axcelis Technologies, Inc.",Information Technology,Semiconductor Materials & Equipment,"Beverly, Massachusetts"
ACT,"Enact Holdings, Inc.","Enact Holdings, Inc.",Financials,Commercial & Residential Mortgage Finance,"Raleigh, North Carolina"
ADAM,"Adamas Trust, Inc.","Adamas Trust, Inc.",Real Estate,Mortgage REITs,"New York City, New York"
ADEA,Adeia Inc.,Adeia Inc.,Information Technology,IT Consulting & Other Services,"San Jose, California"
ADMA,ADMA Biologics Inc,"ADMA Biologics, Inc.",Health Care,Biotechnology,"Ramsey, New Jersey"
ADNT,Adient plc,Adient plc,Consumer Discretionary,Automotive Parts & Equipment,"Plymouth, Michigan"
ADUS,Addus HomeCare Corporation,Addus HomeCare Corporation,Health Care,Health Care Services,"Frisco, Texas"
AEIS,"Advanced Energy Industries, Inc","Advanced Energy Industries, Inc.",Information Technology,Semiconductor Materials & Equipment,"Denver, Colorado"
AEO,"American Eagle Outfitters, Inc.","American Eagle Outfitters, Inc.",Consumer Discretionary,Apparel Retail,"Pittsburgh, Pennsylvania"
AESI,Atlas Energy Solutions Inc.,Atlas Energy Solutions Inc.,Energy,Oil & Gas Equipment & Services,"Austin, Texas"
AGO,Assured Guaranty Ltd.,Assured Guaranty Ltd.,Financials,Property & Casualty Insurance,"Hamilton, Bermuda"
AGYS,"Agilysys, Inc.","Agilysys, Inc.",Information Technology,Application Software,"Alpharetta, Georgia"
AHCO,AdaptHealth Corp.,AdaptHealth Corp.,Health Care,Health Care Equipment,"Plymouth Meeting, Pennsylvania"
AHH,"Armada Hoffler Properties, Inc.","Armada Hoffler Properties, Inc.",Real Estate,Diversified REITs,"Virginia Beach, Virginia"
AIN,Albany International Corporatio,Albany International Corp.,Industrials,Industrial Machinery & Supplies & Components,"Rochester, New Hampshire"
AIR,AAR Corp.,AAR Corp.,Industrials,Aerospace & Defense,"Wood Dale, Illinois"
AKR,Acadia Realty Trust,Acadia Realty Trust,Real Estate,Retail REITs,"Rye, New York"
AL,Air Lease Corporation,Air Lease Corporation,Industrials,Passenger Airlines,"Los Angeles, California"
ALEX,"Alexander & Baldwin, Inc.","Alexander & Baldwin, Inc.",Real Estate,Diversified REITs,"Honolulu, Hawaii"
ALG,"Alamo Group, Inc.",Alamo Group Inc.,Industrials,Construction Machinery & Heavy Transportation Equipment,"Seguin, Texas"
ALGT,Allegiant Travel Company,Allegiant Travel Company,Industrials,Passenger Airlines,"Summerlin, Nevada"
ALKS,Alkermes plc,Alkermes plc,Health Care,Pharmaceuticals,"Dublin, Ireland"
ALRM,"Alarm.com Holdings, Inc.","Alarm.com Holdings, Inc.",Financials,Application Software,"Tysons, Virginia"
AMN,AMN Healthcare Services Inc,"AMN Healthcare Services, Inc.",Health Care,Health Care Services,"Dallas, Texas"
AMPH,"Amphastar Pharmaceuticals, Inc.","Amphastar Pharmaceuticals, Inc.",Health Care,Pharmaceuticals,"Rancho Cucamonga, California"
AMR,"Alpha Metallurgical Resources, ","Alpha Metallurgical Resources, Inc.",Materials,Steel,"Bristol, Tennessee"
AMSF,"AMERISAFE, Inc.","AMERISAFE, Inc.",Financials,Property & Casualty Insurance,"DeRidder, Louisiana"
AMTM,"Amentum Holdings, Inc.","Amentum Holdings, Inc.",Industrials,Diversified Support Services,"Chantilly, Virginia"
AMWD,American Woodmark Corporation,American Woodmark Corporation,Industrials,Building Products,"Winchester, Virginia"
ANDE,"The Andersons, Inc.","The Andersons, Inc.",Consumer Staples,Food Distributors,"Maumee, Ohio"
ANGI,Angi Inc.,Angi Inc.,Communication Services,Advertising,"Denver, Colorado"
ANIP,"ANI Pharmaceuticals, Inc.","ANI Pharmaceuticals, Inc.",Health Care,Pharmaceuticals,"Baudette, Minnesota"
AORT,"Artivion, Inc.","Artivion, Inc.",Health Care,Health Care Equipment,"Kennesaw, Georgia"
AOSL,Alpha and Omega Semiconductor L,Alpha and Omega Semiconductor Limited,Information Technology,Semiconductors,"Sunnyvale, California"
APAM,Artisan Partners Asset Manageme,Artisan Partners Asset Management Inc.,Financials,Asset Management & Custody Banks,"Milwaukee, Wisconsin"
APLE,"Apple Hospitality REIT, Inc.","Apple Hospitality REIT, Inc.",Real Estate,Hotel & Resort REITs,"Richmond, Virginia"
APOG,"Apogee Enterprises, Inc.","Apogee Enterprises, Inc.",Industrials,Building Products,"Minneapolis, Minnesota"
ARCB,ArcBest Corporation,ArcBest Corporation,Industrials,Cargo Ground Transportation,"Fort Smith, Arkansas"
ARI,Apollo Commercial Real Estate F,"Apollo Commercial Real Estate Finance, Inc.",Real Estate,Mortgage REITs,"New York City, New York"
ARLO,"Arlo Technologies, Inc.","Arlo Technologies, Inc.",Information Technology,Communications Equipment,"San Jose, California"
AROC,"Archrock, Inc.","Archrock, Inc.",Energy,Oil & Gas Equipment & Services,"Houston, Texas"
ARR,"ARMOUR Residential REIT, Inc.","ARMOUR Residential REIT, Inc.",Real Estate,Mortgage REITs,"Vero Beach, Florida"
ARWR,"Arrowhead Pharmaceuticals, Inc.","Arrowhead Pharmaceuticals, Inc.",Health Care,Biotechnology,"Pasadena, California"
ASIX,AdvanSix Inc.,AdvanSix Inc.,Materials,Commodity Chemicals,"Parsippany–Troy Hills, New Jersey"
ASO,"Academy Sports and Outdoors, In","Academy Sports and Outdoors, Inc.",Consumer Discretionary,Specialty Stores,"Harris County, Texas"
ASTE,"Astec Industries, Inc.","Astec Industries, Inc.",Industrials,Construction Machinery & Heavy Transportation Equipment,"Chattanooga, Tennessee"
ASTH,Astrana Health Inc.,"Astrana Health, Inc.",Health Care,Health Care Facilities,"Alhambra, California"
ATEN,"A10 Networks, Inc.","A10 Networks, Inc.",Information Technology,Systems Software,"San Jose, California"
ATGE,Adtalem Global Education Inc.,Adtalem Global Education Inc.,Consumer Discretionary,Education Services,"Chicago, Illinois"
AUB,Atlantic Union Bankshares Corpo,Atlantic Union Bankshares Corporation,Financials,Regional Banks,"Richmond, Virginia"
AVA,Avista Corporation,Avista Corporation,Utilities,Multi-Utilities,"Spokane, Washington"
AVNS,"Avanos Medical, Inc.","Avanos Medical, Inc.",Health Care,Health Care Supplies,"Alpharetta, Georgia"
AWI,Armstrong World Industries Inc,"Armstrong World Industries, Inc.",Industrials,Building Products,"Lancaster, Pennsylvania"
AWR,American States Water Company,American States Water Company,Utilities,Water Utilities,"San Dimas, California"
AX,"Axos Financial, Inc.","Axos Financial, Inc.",Financials,Regional Banks,"Las Vegas, Nevada"
AXL,American Axle & Manufacturing H,"American Axle & Manufacturing Holdings, Inc.",Consumer Discretionary,Automotive Parts & Equipment,"Detroit, Michigan"
AZTA,"Azenta, Inc.","Azenta, Inc.",Health Care,Life Sciences Tools & Services,"Chelmsford, Massachusetts"
AZZ,AZZ Inc.,AZZ Inc.,Industrials,Heavy Electrical Equipment,"Fort Worth, Texas"
BANC,"Banc of California, Inc.","Banc of California, Inc.",Financials,Regional Banks,"Santa Ana, California"
BANF,BancFirst Corporation,BancFirst Corporation,Financials,Regional Banks,"Oklahoma City, Oklahoma"
BANR,Banner Corporation,Banner Corporation,Financials,Regional Banks,"Walla Walla, Washington"
BBT,Beacon Financial Corporation,Beacon Financial Corporation,Financials,Regional Banks,"Boston, Massachusetts"
BCC,"Boise Cascade, L.L.C.",Boise Cascade Company,Industrials,Building Products,"Boise, Idaho"
BCPC,Balchem Corporation,Balchem Corporation,Materials,Specialty Chemicals,"Montvale, New Jersey"
BDN,Brandywine Realty Trust,Brandywine Realty Trust,Real Estate,Office REITs,"Philadelphia, Pennsylvania"
BFH,"Bread Financial Holdings, Inc.","Bread Financial Holdings, Inc.",Financials,Consumer Finance,"Columbus, Ohio"
BFS,"Saul Centers, Inc.","Saul Centers, Inc.",Real Estate,Retail REITs,"Bethesda, Maryland"
BGC,"BGC Group, Inc.","BGC Group, Inc.",Financials,Investment Banking & Brokerage,"New York City, New York"
BHE,"Benchmark Electronics, Inc.","Benchmark Electronics, Inc.",Information Technology,Electronic Manufacturing Services,"Tempe, Arizona"
BJRI,"BJ's Restaurants, Inc.","BJ's Restaurants, Inc.",Consumer Discretionary,Restaurants,"Huntington Beach, California"
BKE,"Buckle, Inc. (The)","The Buckle, Inc.",Consumer Discretionary,Apparel Retail,"Kearney, Nebraska"
BKU,"BankUnited, Inc.","BankUnited, Inc.",Financials,Regional Banks,"Miami Lakes, Florida"
BL,"BlackLine, Inc.","BlackLine, Inc.",Information Technology,Application Software,"Los Angeles, California"
BLFS,"BioLife Solutions, Inc.","BioLife Solutions, Inc.",Health Care,Health Care Supplies,"Bothell, Washington"
BLMN,"Bloomin' Brands, Inc.","Bloomin' Brands, Inc.",Consumer Discretionary,Restaurants,"Tampa, Florida"
BMI,"Badger Meter, Inc.","Badger Meter, Inc.",Information Technology,Electronic Equipment & Instruments,"Milwaukee, Wisconsin"
BOH,Bank of Hawaii Corporation,Bank of Hawaii Corporation,Financials,Regional Banks,"Honolulu, Hawaii"
BOOT,"Boot Barn Holdings, Inc.","Boot Barn Holdings, Inc.",Consumer Discretionary,Apparel Retail,"Irvine, California"
BOX,"Box, Inc.","Box, Inc.",Information Technology,Application Software,"Redwood City, California"
BRC,Brady Corporation,Brady Corporation,Industrials,Commercial Printing,"Milwaukee, Wisconsin"
BTSG,"BrightSpring Health Services, I","BrightSpring Health Services, Inc.",Health Care,Health Care Services,"Louisville, Kentucky"
BTU,Peabody Energy Corporation,Peabody Energy Corporation,Energy,Coal & Consumable Fuels,"St. Louis, Missouri"
BWA,BorgWarner Inc.,BorgWarner Inc.,Consumer Discretionary,Automotive Parts & Equipment,"Auburn Hills, Michigan"
BXMT,"Blackstone Mortgage Trust, Inc.","Blackstone Mortgage Trust, Inc.",Financials,Mortgage REITs,"New York City, New York"
CABO,"Cable One, Inc.","Cable One, Inc.",Communication Services,Cable & Satellite,"Phoenix, Arizona"
CAKE,The Cheesecake Factory Incorpor,The Cheesecake Factory Incorporated,Consumer Discretionary,Restaurants,"Calabasas, California"
CAL,"Caleres, Inc.","Caleres, Inc.",Consumer Discretionary,Apparel Retail,"Clayton, Missouri"
CALM,"Cal-Maine Foods, Inc.","Cal-Maine Foods, Inc.",Consumer Staples,Packaged Foods & Meats,"Jackson, Mississippi"
CALX,"Calix, Inc","Calix, Inc.",Information Technology,Application Software,"San Jose, California"
CARG,"CarGurus, Inc.","CarGurus, Inc.",Communication Services,Interactive Media & Services,"Cambridge, Massachusetts"
CARS,Cars.com Inc.,Cars.com Inc.,Communication Services,Interactive Media & Services,"Chicago, Illinois"
CASH,"Pathward Financial, Inc.","Pathward Financial, Inc.",Financials,Regional Banks,"Sioux Falls, South Dakota"
CATY,Cathay General Bancorp,Cathay General Bancorp,Financials,Regional Banks,"Los Angeles, California"
CBRL,Cracker Barrel Old Country Stor,"Cracker Barrel Old Country Store, Inc.",Consumer Discretionary,Restaurants,"Lebanon, Tennessee"
CBU,"Community Financial System, Inc","Community Financial System, Inc.",Financials,Regional Banks,"DeWitt, New York"
CC,Chemours Company (The),The Chemours Company,Materials,Diversified Chemicals,"Wilmington, Delaware"
CCOI,"Cogent Communications Holdings,","Cogent Communications Holdings, Inc.",Communication Services,Alternative Carriers,"Washington, D.C."
CCS,"Century Communities, Inc.","Century Communities, Inc.",Consumer Discretionary,Homebuilding,"Greenwood Village, Colorado"
CE,Celanese Corporation,Celanese Corporation,Materials,Specialty Chemicals,"Irving, Texas"
CENT,Central Garden & Pet Company,Central Garden & Pet Company,Consumer Staples,Household Products,"Walnut Creek, California"
CENTA,Central Garden & Pet Company,Central Garden & Pet Company,Consumer Staples,Household Products,"Walnut Creek, California"
CENX,Century Aluminum Company,Century Aluminum Company,Materials,Aluminum,"Chicago, Illinois"
CERT,"Certara, Inc.","Certara, Inc.",Health Care,Health Care Technology,"Princeton, New Jersey"
CEVA,"CEVA, Inc.","CEVA, Inc.",Information Technology,Semiconductors,"Rockville, Maryland"
CFFN,"Capitol Federal Financial, Inc.","Capitol Federal Financial, Inc.",Financials,Regional Banks,"Topeka, Kansas"
CHCO,City Holding Company,City Holding Company,Financials,Regional Banks,"Charleston, West Virginia"
CHEF,"The Chefs' Warehouse, Inc.","The Chefs' Warehouse, Inc.",Consumer Staples,Food Distributors,"Ridgefield, Connecticut"
CLB,Core Laboratories Inc.,Core Laboratories Inc.,Energy,Oil & Gas Equipment & Services,"Amsterdam, the Netherlands"
CLSK,"CleanSpark, Inc.","CleanSpark, Inc.",Information Technology,Internet Services & Infrastructure,"Henderson, Nevada"
CNK,Cinemark Holdings Inc Cinemark ,"Cinemark Holdings, Inc.",Communication Services,Movies & Entertainment,"Plano, Texas"
CNMD,CONMED Corporation,CONMED Corporation,Health Care,Health Care Equipment,"Largo, Florida"
CNR,"Core Natural Resources, Inc.","Core Natural Resources, Inc.",Energy,Coal & Consumable Fuels,"Cecil Township, Pennsylvania"
CNS,Cohen & Steers Inc,"Cohen & Steers, Inc.",Financials,Asset Management & Custody Banks,"New York City, New York"
CNXN,"PC Connection, Inc.","PC Connection, Inc.",Information Technology,Technology Distributors,"Merrimack, New Hampshire"
COHU,"Cohu, Inc.","Cohu, Inc.",Information Technology,Semiconductor Materials & Equipment,"Poway, California"
COLL,"Collegium Pharmaceutical, Inc.","Collegium Pharmaceutical, Inc.",Health Care,Pharmaceuticals,"Stoughton, Massachusetts"
CON,Concentra Group Holdings Parent,"Concentra Group Holdings Parent, Inc.",Health Care,Health Care Services,"Mechanicsburg, Pennsylvania"
CORT,Corcept Therapeutics Incorporat,Corcept Therapeutics Incorporated,Health Care,Pharmaceuticals,"Menlo Park, California"
CPF,Central Pacific Financial Corp ,Central Pacific Financial Corp.,Financials,Regional Banks,"Honolulu, Hawaii"
CPK,Chesapeake Utilities Corporatio,Chesapeake Utilities Corporation,Utilities,Gas Utilities,"Dover, Delaware"
CPRX,"Catalyst Pharmaceuticals, Inc.","Catalyst Pharmaceuticals, Inc.",Health Care,Biotechnology,"Coral Gables, Florida"
CRC,California Resources Corporatio,California Resources Corporation,Energy,Oil & Gas Exploration & Production,"Los Angeles, California"
CRGY,Crescent Energy Company,Crescent Energy Company,Energy,Oil & Gas Exploration & Production,"Houston, Texas"
CRI,"Carter's, Inc.","Carter's, Inc.",Consumer Discretionary,"Apparel, Accessories & Luxury Goods","Atlanta, Georgia"
CRK,"Comstock Resources, Inc.","Comstock Resources, Inc.",Energy,Oil & Gas Exploration & Production,"Frisco, Texas"
CRSR,"Corsair Gaming, Inc.","Corsair Gaming, Inc.",Information Technology,"Technology Hardware, Storage & Peripherals","Milpitas, California"
CRVL,CorVel Corp.,CorVel Corporation,Health Care,Health Care Services,"Irvine, California"
CSGS,"CSG Systems International, Inc.","CSG Systems International, Inc.",Industrials,Data Processing & Outsourced Services,"Greenwood Village, Colorado"
CSR,D/B/A Centerspace,Centerspace,Real Estate,Multi-Family Residential REITs,"Minot, North Dakota"
CSW,"CSW Industrials, Inc.","CSW Industrials, Inc.",Industrials,Industrial Conglomerates,"Dallas, Texas"
CTKB,"Cytek Biosciences, Inc.","Cytek Biosciences, Inc.",Health Care,Health Care Equipment,"Fremont, California"
CTRE,"CareTrust REIT, Inc.","CareTrust REIT, Inc.",Real Estate,Health Care REITs,"San Clemente, California"
CTS,CTS Corporation,CTS Corporation,Information Technology,Electronic Manufacturing Services,"Lisle, Illinois"
CUBI,"Customers Bancorp, Inc","Customers Bancorp, Inc.",Financials,Regional Banks,"Reading, Pennsylvania"
CURB,Curbline Properties Corp.,Curbline Properties Corp.,Real Estate,Retail REITs,"New York City, New York"
CVBF,CVB Financial Corporation,CVB Financial Corp.,Financials,Regional Banks,"Ontario, California"
CVCO,"Cavco Industries, Inc.","Cavco Industries, Inc.",Consumer Discretionary,Homebuilding,"Phoenix, Arizona"
CVI,CVR Energy Inc.,"CVR Energy, Inc.",Energy,Oil & Gas Refining & Marketing,"Sugar Land, Texas"
CWEN,"Clearway Energy, Inc.","Clearway Energy, Inc.",Utilities,Renewable Electricity,"Princeton, New Jersey"
CWEN.A,N/A,N/A,Utilities,Renewable Electricity,"Princeton, New Jersey"
CWK,Cushman & Wakefield plc,Cushman & Wakefield plc,Real Estate,Real Estate Services,"Chicago, Illinois"
CWT,California Water Service Group,California Water Service Group,Utilities,Water Utilities,"San Jose, California"
CXM,"Sprinklr, Inc.","Sprinklr, Inc.",Information Technology,Application Software,"New York City, New York"
CXW,"CoreCivic, Inc.","CoreCivic, Inc.",Industrials,Diversified Support Services,"Brentwood, Tennessee"
CZR,"Caesars Entertainment, Inc.","Caesars Entertainment, Inc.",Consumer Discretionary,Casinos & Gaming,"Reno, Nevada"
DAN,Dana Incorporated,Dana Incorporated,Consumer Discretionary,Automotive Parts & Equipment,"Maumee, Ohio"
DCOM,"Dime Community Bancshares, Inc.","Dime Community Bancshares, Inc.",Financials,Regional Banks,"Hauppauge, New York"
DEA,"Easterly Government Properties,","Easterly Government Properties, Inc.",Real Estate,Office REITs,"Washington, D.C."
DEI,"Douglas Emmett, Inc.","Douglas Emmett, Inc.",Real Estate,Office REITs,"Santa Monica, California"
DFH,"Dream Finders Homes, Inc.","Dream Finders Homes, Inc.",Consumer Discretionary,Homebuilding,"Jacksonville, Florida"
DFIN,"Donnelley Financial Solutions, ","Donnelley Financial Solutions, Inc.",Financials,Financial Exchanges & Data,"Chicago, Illinois"
DGII,Digi International Inc.,Digi International Inc.,Information Technology,Communications Equipment,"Hopkins, Minnesota"
DIOD,Diodes Incorporated,Diodes Incorporated,Information Technology,Semiconductors,"Plano, Texas"
DLX,Deluxe Corporation,Deluxe Corporation,Industrials,Commercial Printing,"Minneapolis, Minnesota"
DNOW,DNOW Inc.,DNOW Inc.,Industrials,Trading Companies & Distributors,"Houston, Texas"
DOCN,"DigitalOcean Holdings, Inc.","DigitalOcean Holdings, Inc.",Information Technology,Internet Services & Infrastructure,"New York City, New York"
DORM,"Dorman Products, Inc.","Dorman Products, Inc.",Consumer Discretionary,Automotive Parts & Equipment,"Colmar, Pennsylvania"
DRH,Diamondrock Hospitality Company,DiamondRock Hospitality Company,Real Estate,Hotel & Resort REITs,"Bethesda, Maryland"
DV,"DoubleVerify Holdings, Inc.","DoubleVerify Holdings, Inc.",Communication Services,Advertising,"New York City, New York"
DVAX,Dynavax Technologies Corporatio,Dynavax Technologies Corporation,Health Care,Biotechnology,"Emeryville, California"
DXC,DXC Technology Company,DXC Technology Company,Information Technology,IT Consulting & Other Services,"Ashburn, Virginia"
DXPE,"DXP Enterprises, Inc.","DXP Enterprises, Inc.",Industrials,Trading Companies & Distributors,"Houston, Texas"
DY,"Dycom Industries, Inc.","Dycom Industries, Inc.",Industrials,Construction & Engineering,"Palm Beach Gardens, Florida"
EAT,"Brinker International, Inc.","Brinker International, Inc.",Consumer Discretionary,Restaurants,"Dallas, Texas"
ECG,"Everus Construction Group, Inc.","Everus Construction Group, Inc.",Industrials,Construction & Engineering,"Bismarck, North Dakota"
ECPG,Encore Capital Group Inc,"Encore Capital Group, Inc.",Financials,Consumer Finance,"San Diego, California"
EFC,Ellington Financial Inc.,Ellington Financial Inc.,Financials,Specialized Finance,"Greenwich, Connecticut"
EGBN,"Eagle Bancorp, Inc.","Eagle Bancorp, Inc.",Financials,Regional Banks,"Bethesda, Maryland"
EIG,Employers Holdings Inc,"Employers Holdings, Inc.",Financials,Property & Casualty Insurance,"Henderson, Nevada"
ELME,Elme Communities,Elme Communities,Real Estate,Diversified REITs,"Bethesda, Maryland"
EMBC,Embecta Corp.,Embecta Corp.,Health Care,Health Care Equipment,"Wilmington, Delaware"
ENOV,Enovis Corporation,Enovis Corporation,Health Care,Health Care Equipment,"Wilmington, Delaware"
ENPH,"Enphase Energy, Inc.","Enphase Energy, Inc.",Information Technology,Semiconductor Materials & Equipment,"Fremont, California"
ENR,"Energizer Holdings, Inc.","Energizer Holdings, Inc.",Consumer Staples,Household Products,"St. Louis, Missouri"
ENVA,"Enova International, Inc.","Enova International, Inc.",Financials,Consumer Finance,"Chicago, Illinois"
EPAC,Enerpac Tool Group Corp.,Enerpac Tool Group Corp.,Industrials,Industrial Machinery & Supplies & Components,"Menomonee Falls, Wisconsin"
EPC,Edgewell Personal Care Company,Edgewell Personal Care Company,Consumer Staples,Household Products,"Shelton, Connecticut"
EPRT,Essential Properties Realty Tru,"Essential Properties Realty Trust, Inc.",Real Estate,Diversified REITs,"Princeton, New Jersey"
ESE,ESCO Technologies Inc.,ESCO Technologies Inc.,Industrials,Industrial Machinery & Supplies & Components,"St. Louis, Missouri"
ESI,Element Solutions Inc.,Element Solutions Inc,Materials,Specialty Chemicals,"Fort Lauderdale, Florida"
ETD,Ethan Allen Interiors Inc.,Ethan Allen Interiors Inc.,Consumer Discretionary,Home Furnishings,"Danbury, Connecticut"
ETSY,"Etsy, Inc.","Etsy, Inc.",Consumer Discretionary,Broadline Retail,"New York City, New York"
EVTC,"Evertec, Inc.","EVERTEC, Inc.",Financials,Transaction & Payment Processing Services,"San Juan, Puerto Rico"
EXPI,"eXp World Holdings, Inc.","eXp World Holdings, Inc.",Real Estate,Real Estate Services,"Bellingham, Washington"
EXTR,"Extreme Networks, Inc.","Extreme Networks, Inc.",Information Technology,Communications Equipment,"Morrisville, North Carolina"
EYE,"National Vision Holdings, Inc.","National Vision Holdings, Inc.",Consumer Discretionary,Specialty Stores,"Duluth, Georgia"
EZPW,"EZCORP, Inc.","EZCORP, Inc.",Financials,Consumer Finance,"Austin, Texas"
FBK,FB Financial Corporation,FB Financial Corporation,Financials,Regional Banks,"Nashville, Tennessee"
FBNC,First Bancorp,First Bancorp,Financials,Regional Banks,"Southern Pines, North Carolina"
FBP,First BanCorp. New,First BanCorp.,Financials,Regional Banks,"San Juan, Puerto Rico"
FBRT,"Franklin BSP Realty Trust, Inc.","Franklin BSP Realty Trust, Inc.",Real Estate,Mortgage REITs,"New York City, New York"
FCF,First,First Commonwealth Financial Corporation,Financials,Regional Banks,"Indiana, Pennsylvania"
FCPT,"Four Corners Property Trust, In","Four Corners Property Trust, Inc.",Real Estate,Other Specialized REITs,"Mill Valley, California"
FDP,"Fresh Del Monte Produce, Inc.",Fresh Del Monte Produce Inc.,Consumer Staples,Packaged Foods & Meats,"Coral Gables, Florida"
FELE,"Franklin Electric Co., Inc.","Franklin Electric Co., Inc.",Industrials,Industrial Machinery & Supplies & Components,"Fort Wayne, Indiana"
FFBC,First Financial Bancorp.,First Financial Bancorp.,Financials,Regional Banks,"Cincinnati, Ohio"
FHB,"First Hawaiian, Inc.","First Hawaiian, Inc.",Financials,Regional Banks,"Honolulu, Hawaii"
FIZZ,National Beverage Corp.,National Beverage Corp.,Consumer Staples,Soft Drinks & Non-alcoholic Beverages,"Fort Lauderdale, Florida"
FMC,FMC Corporation,FMC Corporation,Materials,Fertilizers & Agricultural Chemicals,"Philadelphia, Pennsylvania"
FORM,"FormFactor, Inc.","FormFactor, Inc.",Information Technology,Semiconductor Materials & Equipment,"Livermore, California"
FOXF,Fox Factory Holding Corp.,Fox Factory Holding Corp.,Consumer Discretionary,Automotive Parts & Equipment,"Duluth, Georgia"
FRPT,"Freshpet, Inc.","Freshpet, Inc.",Consumer Staples,Packaged Foods & Meats,"Bedminster, New Jersey"
FSS,Federal Signal Corporation,Federal Signal Corporation,Industrials,Construction Machinery & Heavy Transportation Equipment,"Oak Brook, Illinois"
FTDR,"frontdoor, inc.","Frontdoor, Inc.",Consumer Discretionary,Specialized Consumer Services,"Memphis, Tennessee"
FTRE,Fortrea Holdings Inc.,Fortrea Holdings Inc.,Health Care,Biotechnology,"Durham, North Carolina"
FUL,H. B. Fuller Company,H.B. Fuller Company,Materials,Specialty Chemicals,"Vadnais Heights, Minnesota"
FULT,Fulton Financial Corporation,Fulton Financial Corporation,Financials,Regional Banks,"Lancaster, Pennsylvania"
FUN,Six Flags Entertainment Corpora,Six Flags Entertainment Corporation,Consumer Discretionary,Leisure Facilities,"Charlotte, North Carolina"
FWRD,Forward Air Corporation,Forward Air Corporation,Industrials,Air Freight & Logistics,"Greeneville, Tennessee"
GBX,"Greenbrier Companies, Inc. (The","The Greenbrier Companies, Inc.",Industrials,Construction Machinery & Heavy Transportation Equipment,"Lake Oswego, Oregon"
GDEN,"Golden Entertainment, Inc.","Golden Entertainment, Inc.",Consumer Discretionary,Casinos & Gaming,"Enterprise, Nevada"
GDYN,"Grid Dynamics Holdings, Inc.","Grid Dynamics Holdings, Inc.",Information Technology,IT Consulting & Other Services,"San Ramon, California"
GEO,Geo Group Inc (The) REIT,"The GEO Group, Inc.",Industrials,Environmental & Facilities Services,"Boca Raton, Florida"
GES,"Guess?, Inc.","Guess?, Inc.",Consumer Discretionary,Apparel Retail,"Los Angeles, California"
GFF,Griffon Corporation,Griffon Corporation,Industrials,Building Products,"New York City, New York"
GIII,"G-III Apparel Group, LTD.","G-III Apparel Group, Ltd.",Consumer Discretionary,"Apparel, Accessories & Luxury Goods","New York City, New York"
GKOS,Glaukos Corporation,Glaukos Corporation,Health Care,Health Care Equipment,"San Clemente, California"
GNL,"Global Net Lease, Inc.","Global Net Lease, Inc.",Real Estate,Diversified REITs,"New York City, New York"
GNW,Genworth Financial Inc,"Genworth Financial, Inc.",Financials,Multi-line Insurance,"Henrico County, Virginia"
GO,Grocery Outlet Holding Corp.,Grocery Outlet Holding Corp.,Consumer Staples,Food Retail,"Emeryville, California"
GOGO,Gogo Inc.,Gogo Inc.,Communication Services,Wireless Telecommunication Services,"Broomfield, Colorado"
GOLF,Acushnet Holdings Corp.,Acushnet Holdings Corp.,Consumer Discretionary,Leisure Products,"Fairhaven, Massachusetts"
GPI,"Group 1 Automotive, Inc.","Group 1 Automotive, Inc.",Consumer Discretionary,Automotive Retail,"Houston, Texas"
GRBK,"Green Brick Partners, Inc.","Green Brick Partners, Inc.",Consumer Discretionary,Homebuilding,"Plano, Texas"
GSHD,"Goosehead Insurance, Inc.","Goosehead Insurance, Inc",Financials,Insurance Brokers,"Westlake, Texas"
GTES,Gates Industrial Corporation pl,Gates Industrial Corporation plc,Industrials,Industrial Machinery & Supplies & Components,"Denver, Colorado"
GTY,Getty Realty Corporation,Getty Realty Corp.,Real Estate,Retail REITs,"New York City, New York"
GVA,Granite Construction Incorporat,Granite Construction Incorporated,Industrials,Construction & Engineering,"Watsonville, California"
HAFC,Hanmi Financial Corporation,Hanmi Financial Corporation,Financials,Regional Banks,"Los Angeles, California"
HASI,HA Sustainable Infrastructure C,"HA Sustainable Infrastructure Capital, Inc.",Financials,Specialized Finance,"Annapolis, Maryland"
HAYW,"Hayward Holdings, Inc.","Hayward Holdings, Inc.",Industrials,Electrical Components & Equipment,"Charlotte, North Carolina"
HBI,Hanesbrands Inc.,Hanesbrands Inc.,Consumer Discretionary,"Apparel, Accessories & Luxury Goods","Winston-Salem, North Carolina"
HCC,"Warrior Met Coal, Inc.","Warrior Met Coal, Inc.",Materials,Steel,"Brookwood, Alabama"
HCI,"HCI Group, Inc.","HCI Group, Inc.",Financials,Property & Casualty Insurance,"Tampa, Florida"
HCSG,"Healthcare Services Group, Inc.","Healthcare Services Group, Inc.",Industrials,Environmental & Facilities Services,"Bensalem Township, Pennsylvania"
HELE,Helen of Troy Limited,Helen of Troy Limited,Consumer Discretionary,Household Appliances,"Hamilton, Bermuda"
HFWA,Heritage Financial Corporation,Heritage Financial Corporation,Health Care,Regional Banks,"Olympia, Washington"
HI,Hillenbrand Inc,"Hillenbrand, Inc.",Industrials,Industrial Machinery & Supplies & Components,"Batesville, Indiana"
HIW,"Highwoods Properties, Inc.","Highwoods Properties, Inc.",Real Estate,Office REITs,"Raleigh, North Carolina"
HL,Hecla Mining Company,Hecla Mining Company,Materials,Silver,"Coeur d'Alene, Idaho"
HLIT,Harmonic Inc.,Harmonic Inc.,Information Technology,Communications Equipment,"San Jose, California"
HLX,"Helix Energy Solutions Group, I","Helix Energy Solutions Group, Inc.",Energy,Oil & Gas Equipment & Services,"Houston, Texas"
HMN,Horace Mann Educators Corporati,Horace Mann Educators Corporation,Financials,Multi-line Insurance,"Springfield, Illinois"
HNI,HNI Corporation,HNI Corporation,Industrials,Office Services & Supplies,"Muscatine, Iowa"
HOPE,"Hope Bancorp, Inc.","Hope Bancorp, Inc.",Financials,Regional Banks,"Los Angeles, California"
HP,"Helmerich & Payne, Inc.","Helmerich & Payne, Inc.",Energy,Oil & Gas Drilling,"Tulsa, Oklahoma"
HRMY,"Harmony Biosciences Holdings, I","Harmony Biosciences Holdings, Inc.",Health Care,Biotechnology,"Plymouth Meeting, Pennsylvania"
HSII,Heidrick & Struggles Internatio,"Heidrick & Struggles International, Inc.",Industrials,Human Resource & Employment Services,"Chicago, Illinois"
HSTM,"HealthStream, Inc.","HealthStream, Inc.",Health Care,Health Care Technology,"Nashville, Tennessee"
HTH,Hilltop Holdings Inc.,Hilltop Holdings Inc.,Financials,Regional Banks,"Dallas, Texas"
HTLD,"Heartland Express, Inc.","Heartland Express, Inc.",Industrials,Cargo Ground Transportation,"North Liberty, Iowa"
HTO,H2O America,H2O America,Utilities,Water Utilities,"San Jose, California"
HTZ,"Hertz Global Holdings, Inc","Hertz Global Holdings, Inc.",Industrials,Passenger Ground Transportation,"Estero, Florida"
HUBG,"Hub Group, Inc.","Hub Group, Inc.",Industrials,Air Freight & Logistics,"Oak Brook, Illinois"
HWKN,"Hawkins, Inc.","Hawkins, Inc.",Materials,Commodity Chemicals,"Roseville, Minnesota"
HZO,"MarineMax, Inc.  (FL)","MarineMax, Inc.",Consumer Discretionary,Specialty Stores,"Clearwater, Florida"
IAC,IAC Inc.,IAC Inc.,Communication Services,Publishing,"New York City, New York"
IART,Integra LifeSciences Holdings C,Integra LifeSciences Holdings Corporation,Health Care,Health Care Equipment,"Princeton, New Jersey"
IBP,"Installed Building Products, In","Installed Building Products, Inc.",Consumer Discretionary,Homebuilding,"Columbus, Ohio"
ICHR,Ichor Holdings,"Ichor Holdings, Ltd.",Information Technology,Semiconductor Materials & Equipment,"Fremont, California"
ICUI,"ICU Medical, Inc.","ICU Medical, Inc.",Health Care,Health Care Supplies,"San Clemente, California"
IDCC,"InterDigital, Inc.","InterDigital, Inc.",Information Technology,Communications Equipment,"Wilmington, Delaware"
IIIN,"Insteel Industries, Inc.",Insteel Industries Inc.,Industrials,Building Products,"Mount Airy, North Carolina"
IIPR,Innovative Industrial Propertie,"Innovative Industrial Properties, Inc.",Real Estate,Industrial REITs,"Park City, Utah"
INDB,Independent Bank Corp.,Independent Bank Corp.,Financials,Regional Banks,"Rockland, Massachusetts"
INN,"Summit Hotel Properties, Inc.","Summit Hotel Properties, Inc.",Real Estate,Hotel & Resort REITs,"Austin, Texas"
INSP,"Inspire Medical Systems, Inc.","Inspire Medical Systems, Inc.",Health Care,Health Care Equipment,"Golden Valley, Minnesota"
INSW,"International Seaways, Inc.","International Seaways, Inc.",Energy,Oil & Gas Storage & Transportation,"New York City, New York"
INVA,"Innoviva, Inc.","Innoviva, Inc.",Health Care,Pharmaceuticals,"Burlingame, California"
INVX,"Innovex International, Inc.","Innovex International, Inc.",Energy,Oil & Gas Equipment & Services,"Houston, Texas"
IOSP,Innospec Inc.,Innospec Inc.,Materials,Specialty Chemicals,"Englewood, Colorado"
IPAR,"Interparfums, Inc.","Interparfums, Inc.",Consumer Staples,Household Products,"New York City, New York"
ITGR,Integer Holdings Corporation,Integer Holdings Corporation,Health Care,Health Care Equipment,"Plano, Texas"
ITRI,"Itron, Inc.","Itron, Inc.",Information Technology,Electronic Equipment & Instruments,"Liberty Lake, Washington"
JBGS,JBG SMITH Properties,JBG SMITH Properties,Real Estate,Office REITs,"Bethesda, Maryland"
JBLU,JetBlue Airways Corporation,JetBlue Airways Corporation,Industrials,Passenger Airlines,"Long Island City, New York"
JBSS,"John B. Sanfilippo & Son, Inc.","John B. Sanfilippo & Son, Inc.",Consumer Staples,Packaged Foods & Meats,"Elgin, Illinois"
JBTM,JBT Marel Corporation,JBT Marel Corporation,Industrials,Industrial Machinery & Supplies & Components,"Chicago, Illinois"
JJSF,J & J Snack Foods Corp.,J&J Snack Foods Corp.,Consumer Staples,Packaged Foods & Meats,"Pennsauken Township, New Jersey"
JOE,St. Joe Company (The),The St. Joe Company,Real Estate,Real Estate Development,"Panama City Beach, Florida"
JXN,Jackson Financial Inc.,Jackson Financial Inc.,Financials,Life & Health Insurance,"Lansing, Michigan"
KAI,Kadant Inc,Kadant Inc.,Industrials,Industrial Machinery & Supplies & Components,"Westford, Massachusetts"
KALU,Kaiser Aluminum Corporation,Kaiser Aluminum Corporation,Materials,Aluminum,"Franklin, Tennessee"
KAR,"OPENLANE, Inc.","OPENLANE, Inc.",Industrials,Diversified Support Services,"Carmel, Indiana"
KFY,Korn Ferry,Korn Ferry,Industrials,Human Resource & Employment Services,"Los Angeles, California"
KGS,"Kodiak Gas Services, Inc.","Kodiak Gas Services, Inc.",Energy,Oil & Gas Equipment & Services,"The Woodlands, Texas"
KLIC,"Kulicke and Soffa Industries, I","Kulicke and Soffa Industries, Inc.",Information Technology,Semiconductor Materials & Equipment,"Serangoon, North-East Region, Singapore"
KMT,Kennametal Inc.,Kennametal Inc.,Industrials,Industrial Machinery & Supplies & Components,"Pittsburgh, Pennsylvania"
KN,Knowles Corporation,Knowles Corporation,Information Technology,Electronic Components,"Itasca, Illinois"
KNTK,Kinetik Holdings Inc.,Kinetik Holdings Inc.,Energy,Oil & Gas Storage & Transportation,"Midland, Texas"
KOP,Koppers Holdings Inc.,Koppers Holdings Inc.,Materials,Commodity Chemicals,"Pittsburgh, Pennsylvania"
KREF,KKR Real Estate Finance Trust I,KKR Real Estate Finance Trust Inc.,Financials,Mortgage REITs,"New York City, New York"
KRYS,"Krystal Biotech, Inc.","Krystal Biotech, Inc.",Health Care,Biotechnology,"Pittsburgh, Pennsylvania"
KSS,Kohl's Corporation,Kohl's Corporation,Consumer Discretionary,Broadline Retail,"Menomonee Falls, Wisconsin"
KTB,"Kontoor Brands, Inc.","Kontoor Brands, Inc.",Consumer Discretionary,"Apparel, Accessories & Luxury Goods","Greensboro, North Carolina"
KW,Kennedy-Wilson Holdings Inc.,"Kennedy-Wilson Holdings, Inc.",Real Estate,Real Estate Services,"Beverly Hills, California"
KWR,Quaker Houghton,Quaker Chemical Corporation,Materials,Specialty Chemicals,"Conshohocken, Pennsylvania"
LBRT,Liberty Energy Inc.,Liberty Energy Inc.,Energy,Oil & Gas Equipment & Services,"Denver, Colorado"
LCII,LCI Industries,LCI Industries,Consumer Discretionary,Automotive Parts & Equipment,"Elkhart, Indiana"
LEG,"Leggett & Platt, Incorporated","Leggett & Platt, Incorporated",Consumer Discretionary,Home Furnishings,"Carthage, Missouri"
LGIH,"LGI Homes, Inc.","LGI Homes, Inc.",Consumer Discretionary,Homebuilding,"The Woodlands, Texas"
LGND,Ligand Pharmaceuticals Incorpor,Ligand Pharmaceuticals Incorporated,Health Care,Biotechnology,"San Diego, California"
LKFN,Lakeland Financial Corporation,Lakeland Financial Corporation,Financials,Regional Banks,"Warsaw, Indiana"
LMAT,"LeMaitre Vascular, Inc.","LeMaitre Vascular, Inc.",Health Care,Health Care Equipment,"Burlington, Massachusetts"
LNC,Lincoln National Corporation,Lincoln National Corporation,Financials,Multi-line Insurance,"Radnor, Pennsylvania"
LNN,Lindsay Corporation,Lindsay Corporation,Materials,Agricultural & Farm Machinery,"Omaha, Nebraska"
LPG,Dorian LPG Ltd.,Dorian LPG Ltd.,Energy,Oil & Gas Storage & Transportation,"Stamford, Connecticut"
LQDT,"Liquidity Services, Inc.","Liquidity Services, Inc.",Industrials,Diversified Support Services,"Bethesda, Maryland"
LRN,"Stride, Inc.","Stride, Inc.",Consumer Discretionary,Education Services,"Herndon, Virginia"
LTC,"LTC Properties, Inc.","LTC Properties, Inc.",Real Estate,Health Care REITs,"Westlake Village, California"
LUMN,"Lumen Technologies, Inc.","Lumen Technologies, Inc.",Communication Services,Alternative Carriers,"Monroe, Louisiana"
LXP,LXP Industrial Trust,LXP Industrial Trust,Real Estate,Diversified REITs,"New York City, New York"
LZB,La-Z-Boy Incorporated,La-Z-Boy Incorporated,Consumer Discretionary,Home Furnishings,"Monroe, Michigan"
MAC,Macerich Company (The),The Macerich Company,Real Estate,Retail REITs,"Santa Monica, California"
MAN,ManpowerGroup,ManpowerGroup Inc.,Industrials,Human Resource & Employment Services,"Milwaukee, Wisconsin"
MARA,"MARA Holdings, Inc.","MARA Holdings, Inc.",Information Technology,Internet Services & Infrastructure,"Fort Lauderdale, Florida"
MATW,Matthews International Corporat,Matthews International Corporation,Consumer Discretionary,Specialized Consumer Services,"Pittsburgh, Pennsylvania"
MATX,"Matson, Inc.","Matson, Inc.",Industrials,Marine Transportation,"Honolulu, Hawaii"
MBC,"MasterBrand, Inc.","MasterBrand, Inc.",Industrials,Building Products,"Jasper, Indiana"
MC,Moelis & Company,Moelis & Company,Financials,Investment Banking & Brokerage,"New York City, New York"
MCRI,"Monarch Casino & Resort, Inc.","Monarch Casino & Resort, Inc.",Consumer Discretionary,Casinos & Gaming,"Reno, Nevada"
MCW,"Mister Car Wash, Inc.","Mister Car Wash, Inc.",Consumer Discretionary,Specialized Consumer Services,"Tucson, Arizona"
MCY,Mercury General Corporation,Mercury General Corporation,Financials,Property & Casualty Insurance,"Los Angeles, California"
MD,"Pediatrix Medical Group, Inc.","Pediatrix Medical Group, Inc.",Health Care,Health Care Services,"Sunrise, Florida"
MDU,"MDU Resources Group, Inc.","MDU Resources Group, Inc.",Utilities,Multi-Utilities,"Bismarck, North Dakota"
MGEE,MGE Energy Inc.,"MGE Energy, Inc.",Utilities,Electric Utilities,"Madison, Wisconsin"
MGPI,"MGP Ingredients, Inc.","MGP Ingredients, Inc.",Consumer Staples,Distillers & Vintners,"Atchison, Kansas"
MGY,Magnolia Oil & Gas Corporation,Magnolia Oil & Gas Corporation,Energy,Oil & Gas Exploration & Production,"Houston, Texas"
MHO,"M/I Homes, Inc.","M/I Homes, Inc.",Consumer Discretionary,Homebuilding,"Columbus, Ohio"
MIR,"Mirion Technologies, Inc.","Mirion Technologies, Inc.",Information Technology,Electronic Equipment & Instruments,"Atlanta, Georgia"
MKTX,"MarketAxess Holdings, Inc.",MarketAxess Holdings Inc.,Financials,Financial Exchanges & Data,"New York City, New York"
MLKN,"MillerKnoll, Inc.","MillerKnoll, Inc.",Industrials,Office Services & Supplies,"Zeeland, Michigan"
MMI,"Marcus & Millichap, Inc.","Marcus & Millichap, Inc.",Real Estate,Real Estate Services,"Calabasas, California"
MMSI,"Merit Medical Systems, Inc.","Merit Medical Systems, Inc.",Health Care,Health Care Supplies,"South Jordan, Utah"
MNRO,"Monro, Inc.","Monro, Inc.",Consumer Discretionary,Automotive Retail,"Rochester, New York"
MODG,Topgolf Callaway Brands Corp.,Topgolf Callaway Brands Corp.,Consumer Discretionary,Leisure Products,"Carlsbad, California"
MOG.A,N/A,N/A,Industrials,Aerospace & Defense,"Elma, New York"
MPW,"Medical Properties Trust, Inc.","Medical Properties Trust, Inc.",Real Estate,Health Care REITs,"Birmingham, Alabama"
MRCY,Mercury Systems Inc,"Mercury Systems, Inc.",Industrials,Electrical Components & Equipment,"Andover, Massachusetts"
MRP,"Millrose Properties, Inc.","Millrose Properties, Inc.",Real Estate,Single-Family Residential REITs,"Chevy Chase, Maryland"
MRTN,"Marten Transport, Ltd.","Marten Transport, Ltd.",Industrials,Cargo Ground Transportation,"Mondovi, Wisconsin"
MSEX,Middlesex Water Company,Middlesex Water Company,Utilities,Water Utilities,"Iselin, New Jersey"
MSGS,Madison Square Garden Sports Co,Madison Square Garden Sports Corp.,Communication Services,Movies & Entertainment,"New York City, New York"
MTH,Meritage Homes Corporation,Meritage Homes Corporation,Consumer Discretionary,Homebuilding,"Scottsdale, Arizona"
MTRN,Materion Corporation,Materion Corporation,Materials,Diversified Metals & Mining,"Mayfield Heights, Ohio"
MTUS,Metallus Inc.,Metallus Inc.,Materials,Steel,"Canton, Ohio"
MTX,Minerals Technologies Inc.,Minerals Technologies Inc.,Materials,Specialty Chemicals,"New York City, New York"
MWA,MUELLER WATER PRODUCTS,"Mueller Water Products, Inc.",Industrials,Industrial Machinery & Supplies & Components,"Atlanta, Georgia"
MXL,"MaxLinear, Inc","MaxLinear, Inc.",Information Technology,Semiconductors,"Carlsbad, California"
MYGN,"Myriad Genetics, Inc.","Myriad Genetics, Inc.",Health Care,Biotechnology,"Salt Lake City, Utah"
MYRG,"MYR Group, Inc.",MYR Group Inc.,Industrials,Construction & Engineering,"Thornton, Colorado"
NABL,"N-able, Inc.","N-able, Inc.",Information Technology,Systems Software,"Wilmington, Delaware"
NATL,NCR Atleos Corporation,NCR Atleos Corporation,Financials,Transaction & Payment Processing Services,"Atlanta, Georgia"
NAVI,Navient Corporation,Navient Corporation,Financials,Consumer Finance,"Wilmington, Delaware"
NBHC,National Bank Holdings Corporat,National Bank Holdings Corporation,Financials,Regional Banks,"Greenwood Village, Colorado"
NBTB,NBT Bancorp Inc.,NBT Bancorp Inc.,Financials,Regional Banks,"Norwich, New York"
NE,Noble Corporation plc A,Noble Corporation plc,Energy,Oil & Gas Drilling,"Houston, Texas"
NEO,"NeoGenomics, Inc.","NeoGenomics, Inc.",Health Care,Health Care Services,"Fort Myers, Florida"
NEOG,Neogen Corporation,Neogen Corporation,Health Care,Health Care Supplies,"Lansing, Michigan"
NGVT,Ingevity Corporation,Ingevity Corporation,Materials,Specialty Chemicals,"North Charleston, South Carolina"
NHC,National HealthCare Corporation,National HealthCare Corporation,Health Care,Health Care Facilities,"Murfreesboro, Tennessee"
NMIH,NMI Holdings Inc,"NMI Holdings, Inc.",Financials,Commercial & Residential Mortgage Finance,"Emeryville, California"
NOG,"Northern Oil and Gas, Inc.","Northern Oil and Gas, Inc.",Energy,Oil & Gas Exploration & Production,"Minnetonka, Minnesota"
NPK,"National Presto Industries, Inc","National Presto Industries, Inc.",Industrials,Aerospace & Defense,"Eau Claire, Wisconsin"
NPO,Enpro Inc.,Enpro Inc.,Industrials,Industrial Machinery & Supplies & Components,"Charlotte, North Carolina"
NSIT,"Insight Enterprises, Inc.","Insight Enterprises, Inc.",Industrials,Technology Distributors,"Tempe, Arizona"
NTCT,"NetScout Systems, Inc.","NetScout Systems, Inc.",Information Technology,Communications Equipment,"Westford, Massachusetts"
NVRI,Enviri Corporation,Enviri Corporation,Industrials,Industrial Machinery & Supplies & Components,"Philadelphia, Pennsylvania"
NWBI,"Northwest Bancshares, Inc.","Northwest Bancshares, Inc.",Financials,Regional Banks,"Warren, Pennsylvania"
NWL,Newell Brands Inc.,Newell Brands Inc.,Consumer Discretionary,Housewares & Specialties,"Atlanta, Georgia"
NWN,Northwest Natural Holding Compa,Northwest Natural Holding Company,Utilities,Gas Utilities,"Portland, Oregon"
NX,Quanex Building Products Corpor,Quanex Building Products Corporation,Industrials,Building Products,"Houston, Texas"
NXRT,"NexPoint Residential Trust, Inc","NexPoint Residential Trust, Inc.",Real Estate,Multi-Family Residential REITs,"Dallas, Texas"
OFG,OFG Bancorp,OFG Bancorp,Financials,Regional Banks,"San Juan, Puerto Rico"
OGN,Organon & Co.,Organon & Co.,Health Care,Pharmaceuticals,"Jersey City, New Jersey"
OI,"O-I Glass, Inc.","O-I Glass, Inc.",Materials,"Metal, Glass & Plastic Containers","Perrysburg, Ohio"
OII,"Oceaneering International, Inc.","Oceaneering International, Inc.",Energy,Oil & Gas Equipment & Services,"Houston, Texas"
OMCL,"Omnicell, Inc.","Omnicell, Inc.",Health Care,Health Care Technology,"Fort Worth, Texas"
OSIS,"OSI Systems, Inc.","OSI Systems, Inc.",Information Technology,Electronic Equipment & Instruments,"Hawthorne, California"
OTTR,Otter Tail Corporation,Otter Tail Corporation,Utilities,Electric Utilities,"Fergus Falls, Minnesota"
OUT,OUTFRONT Media Inc.,OUTFRONT Media Inc.,Real Estate,Other Specialized REITs,"New York City, New York"
OXM,"Oxford Industries, Inc.","Oxford Industries, Inc.",Consumer Discretionary,"Apparel, Accessories & Luxury Goods","Atlanta, Georgia"
PAHC,Phibro Animal Health Corporatio,Phibro Animal Health Corporation,Health Care,Pharmaceuticals,"Teaneck, New Jersey"
PARR,"Par Pacific Holdings, Inc. Comm","Par Pacific Holdings, Inc.",Energy,Oil & Gas Refining & Marketing,"Houston, Texas"
PAYO,Payoneer Global Inc.,Payoneer Global Inc.,Financials,Transaction & Payment Processing Services,"New York City, New York"
PATK,"Patrick Industries, Inc.","Patrick Industries, Inc.",Consumer Discretionary,Automotive Parts & Equipment,"Elkhart, Indiana"
PBH,Prestige Consumer Healthcare In,Prestige Consumer Healthcare Inc.,Health Care,Pharmaceuticals,"Tarrytown, New York"
PBI,Pitney Bowes Inc.,Pitney Bowes Inc.,Industrials,Office Services & Supplies,"Stamford, Connecticut"
PCRX,"Pacira BioSciences, Inc.","Pacira BioSciences, Inc.",Health Care,Pharmaceuticals,"Tampa, Florida"
PDFS,"PDF Solutions, Inc.","PDF Solutions, Inc.",Information Technology,Semiconductor Materials & Equipment,"Santa Clara, California"
PEB,Pebblebrook Hotel Trust,Pebblebrook Hotel Trust,Real Estate,Hotel & Resort REITs,"Bethesda, Maryland"
PECO,"Phillips Edison & Company, Inc.","Phillips Edison & Company, Inc.",Real Estate,Retail REITs,"Cincinnati, Ohio"
PENG,"Penguin Solutions, Inc.","Penguin Solutions, Inc.",Information Technology,Semiconductors,"Milpitas, California"
PENN,"PENN Entertainment, Inc.","PENN Entertainment, Inc.",Consumer Discretionary,Casinos & Gaming,"Wyomissing, Pennsylvania"
PFBC,Preferred Bank,Preferred Bank,Financials,Regional Banks,"Los Angeles, California"
PFS,"Provident Financial Services, I","Provident Financial Services, Inc.",Financials,Regional Banks,"Jersey City, New Jersey"
PGNY,"Progyny, Inc.","Progyny, Inc.",Health Care,Health Care Services,"New York City, New York"
PHIN,PHINIA Inc.,PHINIA Inc.,Consumer Discretionary,Automotive Retail,"Auburn Hills, Michigan"
PI,"Impinj, Inc.","Impinj, Inc.",Information Technology,Electronic Equipment & Instruments,"Seattle, Washington"
PINC,"Premier, Inc.","Premier, Inc.",Health Care,Health Care Services,"Charlotte, North Carolina"
PIPR,Piper Sandler Companies,Piper Sandler Companies,Financials,Investment Banking & Brokerage,"Minneapolis, Minnesota"
PJT,PJT Partners Inc.,PJT Partners Inc.,Financials,Investment Banking & Brokerage,"New York City, New York"
PLAB,"Photronics, Inc.","Photronics, Inc.",Information Technology,Semiconductor Materials & Equipment,"Brookfield, Connecticut"
PLAY,"Dave & Buster's Entertainment, ","Dave & Buster's Entertainment, Inc.",Consumer Discretionary,Restaurants,"Dallas, Texas"
PLMR,"Palomar Holdings, Inc.","Palomar Holdings, Inc.",Financials,Property & Casualty Insurance,"La Jolla, California"
PLUS,ePlus inc.,ePlus inc.,Information Technology,Technology Distributors,"Herndon, Virginia"
PLXS,Plexus Corp.,Plexus Corp.,Information Technology,Electronic Manufacturing Services,"Neenah, Wisconsin"
PMT,PennyMac Mortgage Investment Tr,PennyMac Mortgage Investment Trust,Real Estate,Mortgage REITs,"Westlake Village, California"
POWL,"Powell Industries, Inc.","Powell Industries, Inc.",Industrials,Electrical Components & Equipment,"Houston, Texas"
PRA,ProAssurance Corporation,ProAssurance Corporation,Financials,Property & Casualty Insurance,"Birmingham, Alabama"
PRAA,"PRA Group, Inc.","PRA Group, Inc.",Financials,Consumer Finance,"Norfolk, Virginia"
PRDO,Perdoceo Education Corporation,Perdoceo Education Corporation,Consumer Discretionary,Education Services,"Schaumburg, Illinois"
PRG,"PROG Holdings, Inc.","PROG Holdings, Inc.",Financials,Consumer Finance,"Draper, Utah"
PRGS,Progress Software Corporation,Progress Software Corporation,Information Technology,Systems Software,"Burlington, Massachusetts"
PRK,Park National Corporation,Park National Corporation,Financials,Regional Banks,"Newark, Ohio"
PRKS,United Parks & Resorts Inc.,United Parks & Resorts Inc.,Consumer Discretionary,Leisure Facilities,"Orlando, Florida"
PRLB,"Proto Labs, Inc.","Proto Labs, Inc.",Industrials,Industrial Machinery & Supplies & Components,"Maple Plain, Minnesota"
PRSU,Pursuit Attractions and Hospita,"Pursuit Attractions and Hospitality, Inc.",Consumer Discretionary,"Hotels, Resorts & Cruise Lines","Scottsdale, Arizona"
PRVA,"Privia Health Group, Inc.","Privia Health Group, Inc.",Health Care,Health Care Services,"Arlington County, Virginia"
PSMT,"PriceSmart, Inc.","PriceSmart, Inc.",Consumer Staples,Consumer Staples Merchandise Retail,"San Diego, California"
PTEN,"Patterson-UTI Energy, Inc.","Patterson-UTI Energy, Inc.",Energy,Oil & Gas Drilling,"Houston, Texas"
PTGX,"Protagonist Therapeutics, Inc.","Protagonist Therapeutics, Inc.",Health Care,Biotechnology,"Newark, California"
PZZA,"Papa John's International, Inc.","Papa John's International, Inc.",Consumer Discretionary,Restaurants,"Jeffersontown, Kentucky"
QDEL,QuidelOrtho Corporation,QuidelOrtho Corporation,Health Care,Health Care Supplies,"San Diego, California"
QNST,"QuinStreet, Inc.","QuinStreet, Inc.",Communication Services,Interactive Media & Services,"Foster City, California"
QRVO,"Qorvo, Inc.","Qorvo, Inc.",Information Technology,Semiconductors,"Greensboro, North Carolina"
QTWO,"Q2 Holdings, Inc.","Q2 Holdings, Inc.",Information Technology,Application Software,"Austin, Texas"
RAMP,"LiveRamp Holdings, Inc.","LiveRamp Holdings, Inc.",Information Technology,Application Software,"San Francisco, California"
RAL,Ralliant Corporation,Ralliant Corporation,Information Technology,Electronic Equipment & Instruments,"New York City, New York"
RC,Ready Capital Corporation,Ready Capital Corporation,Financials,Mortgage REITs,"New York City, New York"
RCUS,"Arcus Biosciences, Inc.","Arcus Biosciences, Inc.",Health Care,Biotechnology,"Hayward, California"
RDN,Radian Group Inc.,Radian Group Inc.,Financials,Property & Casualty Insurance,"Philadelphia, Pennsylvania"
RDNT,"RadNet, Inc.","RadNet, Inc.",Health Care,Health Care Services,"Los Angeles, California"
RES,"RPC, Inc.","RPC, Inc.",Energy,Oil & Gas Equipment & Services,"Atlanta, Georgia"
REYN,Reynolds Consumer Products Inc.,Reynolds Consumer Products Inc.,Consumer Staples,Household Products,"Lake Forest, Illinois"
REX,REX American Resources Corporat,REX American Resources Corporation,Energy,Oil & Gas Refining & Marketing,"Dayton, Ohio"
REZI,"Resideo Technologies, Inc.","Resideo Technologies, Inc.",Industrials,Trading Companies & Distributors,"Scottsdale, Arizona"
RGR,"Sturm, Ruger & Company, Inc.","Sturm, Ruger & Company, Inc.",Consumer Discretionary,Leisure Products,"Southport, Connecticut"
RHI,Robert Half Inc.,Robert Half Inc.,Industrials,Human Resource & Employment Services,"Menlo Park, California"
RHP,"Ryman Hospitality Properties, I","Ryman Hospitality Properties, Inc.",Real Estate,Hotel & Resort REITs,"Nashville, Tennessee"
RNST,Renasant Corporation,Renasant Corporation,Financials,Regional Banks,"Tupelo, Mississippi"
ROCK,"Gibraltar Industries, Inc.","Gibraltar Industries, Inc.",Industrials,Building Products,"Buffalo, New York"
ROG,Rogers Corporation,Rogers Corporation,Information Technology,Electronic Components,"Chandler, Arizona"
RUN,Sunrun Inc.,Sunrun Inc.,Industrials,Building Products,"San Francisco, California"
RUSHA,"Rush Enterprises, Inc.","Rush Enterprises, Inc.",Industrials,Construction Machinery & Heavy Transportation Equipment,"New Braunfels, Texas"
RWT,"Redwood Trust, Inc.","Redwood Trust, Inc.",Real Estate,Mortgage REITs,"Mill Valley, California"
RXO,"RXO, Inc.","RXO, Inc.",Industrials,Cargo Ground Transportation,"Charlotte, North Carolina"
SAFE,Safehold Inc. New,Safehold Inc.,Real Estate,Other Specialized REITs,"New York City, New York"
SABR,Sabre Corporation,Sabre Corporation,Consumer Discretionary,"Hotels, Resorts & Cruise Lines","Southlake, Texas"
SAFT,"Safety Insurance Group, Inc.","Safety Insurance Group, Inc.",Financials,Property & Casualty Insurance,"Boston, Massachusetts"
SAH,"Sonic Automotive, Inc.","Sonic Automotive, Inc.",Consumer Discretionary,Automotive Retail,"Charlotte, North Carolina"
SANM,Sanmina Corporation,Sanmina Corporation,Information Technology,Electronic Manufacturing Services,"San Jose, California"
SBCF,Seacoast Banking Corporation of,Seacoast Banking Corporation of Florida,Financials,Regional Banks,"Stuart, Florida"
SBH,"Sally Beauty Holdings, Inc. (Na","Sally Beauty Holdings, Inc.",Consumer Discretionary,Specialty Stores,"Denton, Texas"
SBSI,"Southside Bancshares, Inc.","Southside Bancshares, Inc.",Financials,Regional Banks,"Tyler, Texas"
SCHL,Scholastic Corporation,Scholastic Corporation,Consumer Discretionary,Publishing,"New York City, New York"
SCL,Stepan Company,Stepan Company,Materials,Specialty Chemicals,"Northfield, Illinois"
SCSC,"ScanSource, Inc.","ScanSource, Inc.",Information Technology,Technology Distributors,"Greenville, South Carolina"
SCVL,"Shoe Carnival, Inc.","Shoe Carnival, Inc.",Consumer Discretionary,Apparel Retail,"Evansville, Indiana"
SDGR,"Schrodinger, Inc.","Schrödinger, Inc.",Health Care,Health Care Services,"New York City, New York"
SEDG,"SolarEdge Technologies, Inc.","SolarEdge Technologies, Inc.",Information Technology,Semiconductor Materials & Equipment,"Herzliya, Israel"
SEE,Sealed Air Corporation,Sealed Air Corporation,Materials,Paper & Plastic Packaging Products & Materials,"Charlotte, North Carolina"
SEM,Select Medical Holdings Corpora,Select Medical Holdings Corporation,Health Care,Health Care Facilities,"Mechanicsburg, Pennsylvania"
SFBS,"ServisFirst Bancshares, Inc.","ServisFirst Bancshares, Inc.",Financials,Regional Banks,"Birmingham, Alabama"
SFNC,Simmons First National Corporat,Simmons First National Corporation,Financials,Regional Banks,"Little Rock, Arkansas"
SHAK,"Shake Shack, Inc.",Shake Shack Inc.,Consumer Discretionary,Restaurants,"New York City, New York"
SHEN,Shenandoah Telecommunications C,Shenandoah Telecommunications Company,Communication Services,Wireless Telecommunication Services,"Edinburg, Virginia"
SHO,"Sunstone Hotel Investors, Inc. ","Sunstone Hotel Investors, Inc.",Real Estate,Hotel & Resort REITs,"Aliso Viejo, California"
SHOO,"Steven Madden, Ltd.","Steven Madden, Ltd.",Consumer Discretionary,Footwear,"Long Island City, New York"
SIG,Signet Jewelers Limited,Signet Jewelers Limited,Consumer Discretionary,Specialty Stores,"Akron, Ohio"
SITC,SITE Centers Corp.,SITE Centers Corp.,Real Estate,Retail REITs,"Beachwood, Ohio"
SITM,SiTime Corporation,SiTime Corporation,Information Technology,Semiconductors,"Santa Clara, California"
SKT,Tanger Inc.,Tanger Inc.,Real Estate,Retail REITs,"Greensboro, North Carolina"
SKY,"Champion Homes, Inc.","Champion Homes, Inc.",Consumer Discretionary,Homebuilding,"Troy, Michigan"
SKYW,"SkyWest, Inc.","SkyWest, Inc.",Industrials,Passenger Airlines,"St. George, Utah"
SLG,SL Green Realty Corp,SL Green Realty Corp.,Real Estate,Office REITs,"New York City, New York"
SLVM,Sylvamo Corporation,Sylvamo Corporation,Materials,Paper Products,"Memphis, Tennessee"
SM,SM Energy Company,SM Energy Company,Energy,Oil & Gas Exploration & Production,"Denver, Colorado"
SMP,"Standard Motor Products, Inc.","Standard Motor Products, Inc.",Consumer Discretionary,Automotive Parts & Equipment,"Long Island City, New York"
SMPL,The Simply Good Foods Company,The Simply Good Foods Company,Consumer Staples,Packaged Foods & Meats,"Denver, Colorado"
SMTC,Semtech Corporation,Semtech Corporation,Information Technology,Semiconductors,"Camarillo, California"
SNCY,"Sun Country Airlines Holdings, ","Sun Country Airlines Holdings, Inc.",Industrials,Passenger Airlines,"Minneapolis, Minnesota"
SNDK,Sandisk Corporation,Sandisk Corporation,Information Technology,"Technology Hardware, Storage & Peripherals","Milpitas, California"
SNDR,"Schneider National, Inc.","Schneider National, Inc.",Industrials,Cargo Ground Transportation,"Green Bay, Wisconsin"
SNEX,StoneX Group Inc.,StoneX Group Inc.,Financials,Investment Banking & Brokerage,"New York City, New York"
SONO,"Sonos, Inc.","Sonos, Inc.",Consumer Discretionary,Consumer Electronics,"Santa Barbara, California"
SPNT,SiriusPoint Ltd.,SiriusPoint Ltd.,Financials,Reinsurance,"New York City, New York"
SPSC,"SPS Commerce, Inc.","SPS Commerce, Inc.",Information Technology,Application Software,"Minneapolis, Minnesota"
SPXC,"SPX Technologies, Inc.","SPX Technologies, Inc.",Industrials,Industrial Machinery & Supplies & Components,"Charlotte, North Carolina"
SRPT,"Sarepta Therapeutics, Inc.","Sarepta Therapeutics, Inc.",Health Care,Biotechnology,"Cambridge, Massachusetts"
SSTK,"Shutterstock, Inc.","Shutterstock, Inc.",Communication Services,Interactive Media & Services,"New York City, New York"
STAA,STAAR Surgical Company,STAAR Surgical Company,Health Care,Health Care Equipment,"Monrovia, California"
STBA,"S&T Bancorp, Inc.","S&T Bancorp, Inc.",Financials,Regional Banks,"Indiana, Pennsylvania"
STC,Stewart Information Services Co,Stewart Information Services Corporation,Financials,Property & Casualty Insurance,"Houston, Texas"
STEL,"Stellar Bancorp, Inc.","Stellar Bancorp, Inc.",Financials,Regional Banks,"Houston, Texas"
STEP,StepStone Group Inc.,StepStone Group Inc.,Financials,Asset Management & Custody Banks,"New York City, New York"
STRA,"Strategic Education, Inc.","Strategic Education, Inc.",Consumer Discretionary,Education Services,"Herndon, Virginia"
STRL,"Sterling Infrastructure, Inc.","Sterling Infrastructure, Inc.",Industrials,Construction & Engineering,"The Woodlands, Texas"
SUPN,"Supernus Pharmaceuticals, Inc.","Supernus Pharmaceuticals, Inc.",Health Care,Pharmaceuticals,"Rockville, Maryland"
SXC,"SunCoke Energy, Inc.","SunCoke Energy, Inc.",Materials,Steel,"Lisle, Illinois"
SXI,Standex International Corporati,Standex International Corporation,Industrials,Industrial Machinery & Supplies & Components,"Salem, New Hampshire"
SXT,Sensient Technologies Corporati,Sensient Technologies Corporation,Materials,Specialty Chemicals,"Milwaukee, Wisconsin"
TALO,"Talos Energy, Inc.",Talos Energy Inc.,Energy,Oil & Gas Exploration & Production,"Houston, Texas"
TBBK,"The Bancorp, Inc.","The Bancorp, Inc.",Financials,Regional Banks,"Wilmington, Delaware"
TDC,Teradata Corporation,Teradata Corporation,Information Technology,IT Consulting & Other Services,"San Diego, California"
TDS,"Telephone and Data Systems, Inc","Telephone and Data Systems, Inc.",Communication Services,Integrated Telecommunication Services,"Chicago, Illinois"
TDW,Tidewater Inc.,Tidewater Inc.,Energy,Oil & Gas Equipment & Services,"Houston, Texas"
TFIN,"Triumph Financial, Inc.","Triumph Financial, Inc.",Financials,Regional Banks,"Dallas, Texas"
TFX,Teleflex Incorporated,Teleflex Incorporated,Health Care,Health Care Equipment,"Wayne, Pennsylvania"
TGNA,TEGNA Inc,TEGNA Inc.,Communication Services,Broadcasting,"Tysons, Virginia"
TGTX,"TG Therapeutics, Inc.","TG Therapeutics, Inc.",Health Care,Biotechnology,"Morrisville, North Carolina"
THRM,Gentherm Inc,Gentherm Incorporated,Consumer Discretionary,Automotive Parts & Equipment,"Farmington Hills, Michigan"
THRY,"Thryv Holdings, Inc.","Thryv Holdings, Inc.",Communication Services,Interactive Media & Services,"Dallas, Texas"
THS,"Treehouse Foods, Inc.","TreeHouse Foods, Inc.",Consumer Staples,Packaged Foods & Meats,"Oak Brook, Illinois"
TILE,"Interface, Inc.","Interface, Inc.",Industrials,Office Services & Supplies,"Atlanta, Georgia"
TMDX,"TransMedics Group, Inc.","TransMedics Group, Inc.",Health Care,Health Care Equipment,"Andover, Massachusetts"
TMP,Tompkins Financial Corporation,Tompkins Financial Corporation,Financials,Regional Banks,"Ithaca, New York"
TNC,Tennant Company,Tennant Company,Industrials,Industrial Machinery & Supplies & Components,"Eden Prairie, Minnesota"
TNDM,"Tandem Diabetes Care, Inc.","Tandem Diabetes Care, Inc.",Health Care,Health Care Equipment,"San Diego, California"
TPH,"Tri Pointe Homes, Inc.","Tri Pointe Homes, Inc.",Consumer Discretionary,Homebuilding,"Incline Village, Nevada"
TR,"Tootsie Roll Industries, Inc.","Tootsie Roll Industries, Inc.",Consumer Staples,Packaged Foods & Meats,"Chicago, Illinois"
TRIP,"TripAdvisor, Inc.","Tripadvisor, Inc.",Consumer Discretionary,"Hotels, Resorts & Cruise Lines","Needham, Massachusetts"
TRMK,Trustmark Corporation,Trustmark Corporation,Financials,Regional Banks,"Jackson, Mississippi"
TRN,"Trinity Industries, Inc.","Trinity Industries, Inc.",Industrials,Construction Machinery & Heavy Transportation Equipment,"Dallas, Texas"
TRNO,Terreno Realty Corporation,Terreno Realty Corporation,Real Estate,Industrial REITs,"San Francisco, California"
TRST,TrustCo Bank Corp NY,TrustCo Bank Corp NY,Financials,Regional Banks,"Glenville, New York"
TRUP,"Trupanion, Inc.","Trupanion, Inc.",Financials,Life & Health Insurance,"Seattle, Washington"
TTMI,"TTM Technologies, Inc.","TTM Technologies, Inc.",Information Technology,Electronic Manufacturing Services,"Santa Ana, California"
TWI,"Titan International, Inc. (DE)","Titan International, Inc.",Materials,Agricultural & Farm Machinery,"Quincy, Illinois"
TWO,Two Harbors Investment Corp,Two Harbors Investment Corp.,Financials,Mortgage REITs,"St. Louis Park, Minnesota"
UCB,"United Community Banks, Inc.","United Community Banks, Inc.",Financials,Regional Banks,"Greenville, South Carolina"
UCTT,"Ultra Clean Holdings, Inc.","Ultra Clean Holdings, Inc.",Information Technology,Semiconductor Materials & Equipment,"Hayward, California"
UE,Urban Edge Properties,Urban Edge Properties,Real Estate,Retail REITs,"Paramus, New Jersey"
UFCS,"United Fire Group, Inc","United Fire Group, Inc.",Financials,Property & Casualty Insurance,"Cedar Rapids, Iowa"
UFPT,"UFP Technologies, Inc.","UFP Technologies, Inc.",Health Care,Health Care Equipment,"Newburyport, Massachusetts"
UHT,Universal Health Realty Income ,Universal Health Realty Income Trust,Real Estate,Health Care REITs,"King of Prussia, Pennsylvania"
UNF,Unifirst Corporation,UniFirst Corporation,Industrials,Diversified Support Services,"Wilmington, Massachusetts"
UNFI,"United Natural Foods, Inc.","United Natural Foods, Inc.",Consumer Staples,Food Retail,"Providence, Rhode Island"
UNIT,Uniti Group Inc.,Uniti Group Inc.,Communication Services,Alternative Carriers,"Little Rock, Arkansas"
UPBD,"Upbound Group, Inc.","Upbound Group, Inc.",Consumer Discretionary,Computer & Electronics Retail,"Plano, Texas"
URBN,"Urban Outfitters, Inc.","Urban Outfitters, Inc.",Consumer Discretionary,Apparel Retail,"Philadelphia, Pennsylvania"
USNA,"USANA Health Sciences, Inc.","USANA Health Sciences, Inc.",Consumer Staples,Packaged Foods & Meats,"West Valley City, Utah"
USPH,"U.S. Physical Therapy, Inc.","U.S. Physical Therapy, Inc.",Health Care,Health Care Facilities,"Houston, Texas"
UTL,UNITIL Corporation,Unitil Corporation,Utilities,Electric Utilities,"Hampton, New Hampshire"
UVV,Universal Corporation,Universal Corporation,Consumer Staples,Tobacco,"Richmond, Virginia"
VCEL,Vericel Corporation,Vericel Corporation,Health Care,Biotechnology,"Cambridge, Massachusetts"
VCTR,"Victory Capital Holdings, Inc. ","Victory Capital Holdings, Inc.",Financials,Asset Management & Custody Banks,"San Antonio, Texas"
VCYT,"Veracyte, Inc.","Veracyte, Inc.",Health Care,Health Care Services,"San Francisco, California"
VECO,Veeco Instruments Inc.,Veeco Instruments Inc.,Information Technology,Semiconductor Materials & Equipment,"Plainview, New York"
VIAV,Viavi Solutions Inc.,Viavi Solutions Inc.,Information Technology,Communications Equipment,"Chandler, Arizona"
VICR,Vicor Corporation,Vicor Corporation,Industrials,Electrical Components & Equipment,"Andover, Massachusetts"
VIR,"Vir Biotechnology, Inc.","Vir Biotechnology, Inc.",Health Care,Biotechnology,"San Francisco, California"
VIRT,"Virtu Financial, Inc.","Virtu Financial, Inc.",Financials,Financial Exchanges & Data,"New York City, New York"
VRE,"Veris Residential, Inc.","Veris Residential, Inc.",Real Estate,Office REITs,"Jersey City, New Jersey"
VRRM,Verra Mobility Corporation,Verra Mobility Corporation,Industrials,Data Processing & Outsourced Services,"Mesa, Arizona"
VRTS,"Virtus Investment Partners, Inc","Virtus Investment Partners, Inc.",Financials,Asset Management & Custody Banks,"Hartford, Connecticut"
VSAT,"ViaSat, Inc.","Viasat, Inc.",Information Technology,Communications Equipment,"Carlsbad, California"
VSCO,Victorias Secret & Co.,Victoria's Secret & Co.,Consumer Discretionary,Apparel Retail,"Reynoldsburg, Ohio"
VSH,"Vishay Intertechnology, Inc.","Vishay Intertechnology, Inc.",Information Technology,Electronic Components,"Malvern, Pennsylvania"
VSTS,Vestis Corporation,Vestis Corporation,Industrials,Diversified Support Services,"Roswell, Georgia"
VTOL,"Bristow Group, Inc.",Bristow Group Inc.,Energy,Oil & Gas Equipment & Services,"Houston, Texas"
VTLE,"Vital Energy, Inc.","Vital Energy, Inc.",Energy,Oil & Gas Exploration & Production,"Tulsa, Oklahoma"
VYX,NCR Voyix Corporation,NCR Voyix Corporation,Information Technology,IT Consulting & Other Services,"Atlanta, Georgia"
WABC,Westamerica Bancorporation,Westamerica Bancorporation,Financials,Regional Banks,"San Rafael, California"
WAFD,"WaFd, Inc.","WaFd, Inc.",Financials,Regional Banks,"Seattle, Washington"
WAY,Waystar Holding Corp.,Waystar Holding Corp.,Health Care,Health Care Technology,"Lehi, Utah"
WD,"Walker & Dunlop, Inc","Walker & Dunlop, Inc.",Financials,Commercial & Residential Mortgage Finance,"Bethesda, Maryland"
WDFC,WD-40 Company,WD-40 Company,Consumer Staples,Household Products,"San Diego, California"
WEN,Wendy's Company (The),The Wendy's Company,Consumer Discretionary,Restaurants,"Dublin, Ohio"
WERN,"Werner Enterprises, Inc.","Werner Enterprises, Inc.",Industrials,Cargo Ground Transportation,"Omaha, Nebraska"
WGO,"Winnebago Industries, Inc.","Winnebago Industries, Inc.",Consumer Discretionary,Automobile Manufacturers,"Eden Prairie, Minnesota"
WHD,"Cactus, Inc. Class A Common Sto","Cactus, Inc.",Energy,Oil & Gas Equipment & Services,"Houston, Texas"
WKC,World Kinect Corporation,World Kinect Corporation,Energy,Oil & Gas Refining & Marketing,"Doral, Florida"
WLY,"John Wiley & Sons, Inc.","John Wiley & Sons, Inc.",Communication Services,Publishing,"Hoboken, New Jersey"
WOR,"Worthington Enterprises, Inc.","Worthington Enterprises, Inc.",Industrials,Building Products,"Columbus, Ohio"
WRLD,World Acceptance Corporation,World Acceptance Corporation,Financials,Consumer Finance,"Greenville, South Carolina"
WS,"Worthington Steel, Inc.","Worthington Steel, Inc.",Materials,Steel,"Columbus, Ohio"
WSC,WillScot Holdings Corporation,WillScot Holdings Corporation,Industrials,Office Services & Supplies,"Phoenix, Arizona"
WSFS,WSFS Financial Corporation,WSFS Financial Corporation,Financials,Regional Banks,"Wilmington, Delaware"
WSR,Whitestone REIT,Whitestone REIT,Real Estate,Retail REITs,"Houston, Texas"
WT,"WisdomTree, Inc.","WisdomTree, Inc.",Financials,Asset Management & Custody Banks,"New York City, New York"
WU,Western Union Company (The),The Western Union Company,Financials,Transaction & Payment Processing Services,"Denver, Colorado"
WWW,"Wolverine World Wide, Inc.","Wolverine World Wide, Inc.",Consumer Discretionary,Footwear,"Rockford, Michigan"
XHR,"Xenia Hotels & Resorts, Inc.","Xenia Hotels & Resorts, Inc.",Real Estate,Hotel & Resort REITs,"Orlando, Florida"
XNCR,"Xencor, Inc.","Xencor, Inc.",Health Care,Biotechnology,"Pasadena, California"
XPEL,"XPEL, Inc.","XPEL, Inc.",Consumer Discretionary,Automotive Parts & Equipment,"San Antonio, Texas"
YELP,Yelp Inc.,Yelp Inc.,Communication Services,Interactive Media & Services,"San Francisco, California"
YOU,"Clear Secure, Inc.","Clear Secure, Inc.",Information Technology,Application Software,"New York City, New York"
ZD,"Ziff Davis, Inc.","Ziff Davis, Inc.",Communication Services,Advertising,"New York City, New York"
ZWS,Zurn Elkay Water Solutions Corp,Zurn Elkay Water Solutions Corporation,Industrials,Industrial Machinery & Supplies & Components,"Milwaukee, Wisconsin"
